idx,id,url
588,Lt9G2OLUhbM,https://www.youtube.com/watch?v=Lt9G2OLUhbM
587,Ve-vlO0jDWI,https://www.youtube.com/watch?v=Ve-vlO0jDWI
572,DkzNbv8ioWk,https://www.youtube.com/watch?v=DkzNbv8ioWk
551,ZHm9IJQig4c,https://www.youtube.com/watch?v=ZHm9IJQig4c
524,z8MgIaS6l1k,https://www.youtube.com/watch?v=z8MgIaS6l1k
449,yNZsC7zvTgw,https://www.youtube.com/watch?v=yNZsC7zvTgw
143,MnnM7DAr3wM,https://www.youtube.com/watch?v=MnnM7DAr3wM
142,0iRaXZpTAI4,https://www.youtube.com/watch?v=0iRaXZpTAI4
126,-IPSWBmeB78,https://www.youtube.com/watch?v=-IPSWBmeB78
125,CQnffaEqemk,https://www.youtube.com/watch?v=CQnffaEqemk
117,jMVzOgp5f5k,https://www.youtube.com/watch?v=jMVzOgp5f5k
116,KkJA3a3dTNs,https://www.youtube.com/watch?v=KkJA3a3dTNs
96,AdLpFwM7epA,https://www.youtube.com/watch?v=AdLpFwM7epA
84,jcFJnB6tjZo,https://www.youtube.com/watch?v=jcFJnB6tjZo
80,COEWCL9OFdA,https://www.youtube.com/watch?v=COEWCL9OFdA
78,_fXNupKOXy0,https://www.youtube.com/watch?v=_fXNupKOXy0
74,-LECKZqygzk,https://www.youtube.com/watch?v=-LECKZqygzk
62,1A3ETR0zFJY,https://www.youtube.com/watch?v=1A3ETR0zFJY
60,vJNjg6TE2YU,https://www.youtube.com/watch?v=vJNjg6TE2YU
57,DOgjiV75VLM,https://www.youtube.com/watch?v=DOgjiV75VLM
55,TLqOfceh9Kc,https://www.youtube.com/watch?v=TLqOfceh9Kc
54,iI94ed5Jn84,https://www.youtube.com/watch?v=iI94ed5Jn84
20,6Ub1aAUx56k,https://www.youtube.com/watch?v=6Ub1aAUx56k
5,SQEA4oRXR_w,https://www.youtube.com/watch?v=SQEA4oRXR_w
643,rECXSO5JzuI,https://www.youtube.com/watch?v=rECXSO5JzuI
641,5vuBpQJknDM,https://www.youtube.com/watch?v=5vuBpQJknDM
636,34o9PKsk50Q,https://www.youtube.com/watch?v=34o9PKsk50Q
635,Tlv0JL2yh_M,https://www.youtube.com/watch?v=Tlv0JL2yh_M
650,8z5PpwDsimw,https://www.youtube.com/watch?v=8z5PpwDsimw
761,X3iRGwrkuc4,https://www.youtube.com/watch?v=X3iRGwrkuc4
