idx,id,title,url,date
1,rXst12-0200,【酷站】无需下载，重温怀旧经典DOS游戏，玩到停不下来！,https://www.youtube.com/watch?v=rXst12-0200,2022-11-14
2,66xTXBhlnWM,【酷站】免费好用的阿里云盘搜索引擎，无需注册，不用付费，拒绝套路! Free aliyun cloud disk search engine,https://www.youtube.com/watch?v=66xTXBhlnWM,2022-11-24
3,t4yDJ2KSLFM,【ChatGPT】ChatGPT怎么用 | ChatGPT使用教程  | 产品经理教你如何使用ChatGPT |  ChatGPT实战教程 | ChatGPT 7种提升工作效率的用法 | OpenAI,https://www.youtube.com/watch?v=t4yDJ2KSLFM,2022-12-31
4,fuze2Bro_WY,【酷站】个人专属卡通头像（avatar）生成器！简单好用，透明背景，近百个选项，还可以导出PNG、SVG！,https://www.youtube.com/watch?v=fuze2Bro_WY,2023-01-01
5,AZCe6u0FvJM,"The only consortium family in China,  three generations are the richest men in China",https://www.youtube.com/watch?v=AZCe6u0FvJM,2023-01-26
6,SQEA4oRXR_w,【人工智能】ChatGPT最强竞争对手Claude横空出世，六大能力PK实测早知道,https://www.youtube.com/watch?v=SQEA4oRXR_w,unknown
7,jnpFqIwsLjw,"Three websites you can play GBA/FC/arcade/DOS games online for free, classic games are fun to play",https://www.youtube.com/watch?v=jnpFqIwsLjw,2023-02-05
8,zCiLGi6roQY,"Liu Wenzheng, the first superstar in the history of Chinese pop music",https://www.youtube.com/watch?v=zCiLGi6roQY,2023-02-16
9,gKitUAS8ebg,【传说】八仙过海，各显神通。八仙的传说是从何处起源，人物是如何确定，以及这八个人都是何来历呢？,https://www.youtube.com/watch?v=gKitUAS8ebg,2023-02-21
10,7oXah5aH_6A,How accurate are the prophecies of The Simpsons?How did the prophecy become popular on the Internet?,https://www.youtube.com/watch?v=7oXah5aH_6A,2023-02-25
11,LW50f31U-L8,"Zheng Linghua, a young girl who was suffered from depression just because she dyed her pink hair",https://www.youtube.com/watch?v=LW50f31U-L8,2023-02-26
12,yIaOBUYZ884,【chatGPT】Uncover the AI dream team behind ChatGPT. There are only 87 members in the team.,https://www.youtube.com/watch?v=yIaOBUYZ884,2023-02-28
13,iqK4Rz35SQg,【ChatGPT】The real creator of AI | 35-year-old CTO of OpenAI | Godmother of ChatGPT | Mira Murati,https://www.youtube.com/watch?v=iqK4Rz35SQg,2023-03-07
14,SB7V4JRQtnk,【人物】莫娣·刘易斯 | Maud Lewis，加拿大传奇民间女画家，幼年患疾，失去父母，被哥哥抛弃，却遇到脾气古怪的埃弗雷特并相伴一生，即便命运悲惨，依然用手中的画笔绘尽生活的美好和幸福。,https://www.youtube.com/watch?v=SB7V4JRQtnk,2023-03-08
15,u78TTkmojaE,Google launches the largest visual language model in history - PaLM-E | 562 billion parameters,https://www.youtube.com/watch?v=u78TTkmojaE,2023-03-09
16,o_2-dIowryg,Michelle Yeoh |2023 Oscar Best Actress Contender| From a martial arts actor to a global movie queen,https://www.youtube.com/watch?v=o_2-dIowryg,2023-03-12
17,UcvzsuJtTjM,GPT-4 is coming | Support multi-modality | OpenAI Evals | new Bing search engine adopts GPT-4,https://www.youtube.com/watch?v=UcvzsuJtTjM,2023-03-15
18,QF_8dvfMYws,The former Google director predicted  AIGC will end the programming industry within 3 years,https://www.youtube.com/watch?v=QF_8dvfMYws,2023-03-16
19,bch-ZhF_uxw,【人工智能】百度今天发布了对标ChatGPT的大语言模型“文心一言”，但是令人失望，来说一说其中的原因。,https://www.youtube.com/watch?v=bch-ZhF_uxw,2023-03-16
20,wRJZ9oNhxvs,"Microsoft and Google have released office AI products, Office 365 Copilot and Workspace AI",https://www.youtube.com/watch?v=wRJZ9oNhxvs,2023-03-17
21,6Ub1aAUx56k,【电影】对话国内资深影评人“法兰西胶片”| 沙赞2为何垃圾 | 中国观众是否需要好莱坞电影 | DC和漫威宇宙的未来 | 2023奥斯卡获奖影片 | 《瞬息全宇宙》《西线无战事》《报丧女妖》《塔尔》,https://www.youtube.com/watch?v=6Ub1aAUx56k,unknown
22,Uw3don_yKz4,Microsoft 365 Copilot  latest function preview,https://www.youtube.com/watch?v=Uw3don_yKz4,2023-03-18
23,nPbLL1-MQho,The latest regulations of the U.S. Copyright Office: AIGC works a are not protected by copyright law,https://www.youtube.com/watch?v=nPbLL1-MQho,2023-03-19
24,cHCQ-2JDrPg,"Kai-fu Lee announced that he will personally organize Project AI2.0, personally serve as the CEO.",https://www.youtube.com/watch?v=cHCQ-2JDrPg,2023-03-20
25,K5itlOKMiYc,【ChatGPT】昨晚ChatGPT全球范围大崩溃 | 宕机超12小时 | OpenAI修复时间长达5个小时 | 连DALL-E也一起遭殃 | 打工人已经不能没有ChatGPT,https://www.youtube.com/watch?v=K5itlOKMiYc,2023-03-21
26,JhMe0fk7zlA,【人工智能】巨头开启AI对决，为了应战微软和OpenAI，谷歌开放了Bard公测，目前仅面向英美成年用户，初始版本只能对文本响应，因为之前Bard有过翻车经历，所以这次谷歌显得非常谨慎,https://www.youtube.com/watch?v=JhMe0fk7zlA,2023-03-22
27,IYsY2E5AN3k,Tencent 2022 Financial Report Quick Read,https://www.youtube.com/watch?v=IYsY2E5AN3k,2023-03-22
28,XSkyl7P03D8,【人工智能】GitHub 官方发布Copilot X | 新一代基于 AI 驱动的代码编辑器  | 集成了 GPT-4 聊天功能 | 动动嘴就能写代码,https://www.youtube.com/watch?v=XSkyl7P03D8,2023-03-23
29,8RCzEeaPVh4,ChatGPT release integration with third-party plug-ins,https://www.youtube.com/watch?v=8RCzEeaPVh4,2023-03-24
30,Nrdj9Vfo_rQ,How did Shou Zi Chew become the CEO of TikTok from a military officer?,https://www.youtube.com/watch?v=Nrdj9Vfo_rQ,2023-03-25
31,72_XPwPhv4I,【人工智能】日本第一部正式出版的AI作画漫画单行本《赛博朋克桃太郎》，基于Midjourney V3 AI作画，人人都能当漫画家的时代来临,https://www.youtube.com/watch?v=72_XPwPhv4I,2023-03-26
32,9XzEuEZlji0,【编程工具】首个接入 GPT-4的开源代码编辑器Cursor，比GitHub Copilot还好用的IDE，实例演示如何用对话实现一个爬虫程序,https://www.youtube.com/watch?v=9XzEuEZlji0,2023-03-26
33,jBP5U-eQmZQ,【ChatGPT】《ChatGPT 提示的艺术：如何使用清晰有效的提示》| 三分钟精华内容解读 | 如何写出有效ChatGPT提示语 | 需要避免哪些错误方式 | 什么是角色扮演大法 | 大量示例参考,https://www.youtube.com/watch?v=jBP5U-eQmZQ,2023-03-27
34,NnxE9aM6eQ4,【ChatGPT】OpenAI针对之前的全球服务宕机事件，发布了事故分析报告，事故导致部分用户聊天记录和支付记录数据被泄露，原因是Redis开源库的一个bug导致。,https://www.youtube.com/watch?v=NnxE9aM6eQ4,2023-03-28
35,E-U_JKKQFUk,【商业】马云回国 | 张勇宣布阿里巴巴成立24年来最大组织调整 | 1+6+N 组织架构 | 子公司可独立融资和上市 | 附完整版张勇问答实录,https://www.youtube.com/watch?v=E-U_JKKQFUk,2023-03-29
36,4o_0QQw7zDY,【人工智能】用AI复活了去世的奶奶 | ChatGPT + Midjourney + Baidu PaddlePaddle TTS + D-ID | 人类永生？or 虚拟现实？,https://www.youtube.com/watch?v=4o_0QQw7zDY,2023-03-29
37,SStBYZ4TZsc,【人工智能】千名科技大佬发布公开信，联名呼吁立即暂停大模型AI训练，人工智能正处于失控前夕？埃隆马斯克为何对一手投资的OpenAI不满，他和萨姆奥特曼为何结下个人恩怨，究竟是理念不同还是嫉妒眼红？,https://www.youtube.com/watch?v=SStBYZ4TZsc,2023-03-30
38,rSXqpzWz5_4,【人工智能】微软推出Security Copilot | 内置GPT-4 | 自动抵御65万亿个网络安全威胁 | 可与微软Sentinel/Defender/Intune集成 | 生成式AI安全时代,https://www.youtube.com/watch?v=rSXqpzWz5_4,2023-03-31
39,RX2TdJz79ig,【人工智能】微软 154 页论文7万字浓缩精华版 | 首次揭示 GPT-4 超能力 | 智能水平已非常接近人类水平 | 为何是通用人工智能 (AGI) 的早期版本,https://www.youtube.com/watch?v=RX2TdJz79ig,2023-04-01
40,tYuJKVnEO0w,【人工智能】马斯克开源推特Twitter推荐算法 | 核心排序加权规则快速解读 | 究竟哪些指标对推荐影响最大 | 如何让你的推文更被系统推荐 | 不会编程也能看得懂,https://www.youtube.com/watch?v=tYuJKVnEO0w,2023-04-04
41,YfTxWcBmKWA,【人工智能】国内大语言模型进展究竟如何，看阿里AI专家怎么说？ | 距离GPT-3还有一年半的差距 | 百度文心一言也仅仅相当于GPT-2.5 | 国内算力储备如何 | 百度腾讯华为360都在干什么？,https://www.youtube.com/watch?v=YfTxWcBmKWA,2023-04-05
42,SUehMu5yEiM,【人工智能】Meta发布史上最强抠图模型 | Segment Anything Model | 零样本学习可分割一切物体 | 计算机视觉迎来GPT-3时刻,https://www.youtube.com/watch?v=SUehMu5yEiM,2023-04-10
43,eTveYJzC2ZA,【AIGC】25分钟爆肝7千字，一口气讲清AI如何绘画，白话讲解通俗易懂。如何让计算机生成接近真实的图片？如何让模型知道我们想要什么样子？CLIP/Diffusion/ControlNet都是什么？,https://www.youtube.com/watch?v=eTveYJzC2ZA,2023-04-11
44,U5-GVEQKjF0,【人工智能】斯坦福大学推出生成式代理人GA | 用GPT技术为游戏NPC带来智能涌现，我们会不会也是子孙后代构建的NPC？,https://www.youtube.com/watch?v=U5-GVEQKjF0,2023-04-13
45,Bc60jKMJHtM,【电影】对话资深影评人“法兰西胶片” |《宇宙探索编辑部》| 年度华语第一佳片 |《超级马力欧兄弟大电影》| 打破影史动画电影最高票房纪录,https://www.youtube.com/watch?v=Bc60jKMJHtM,2023-04-14
46,_xejoN8H-U4,【人工智能】十分钟讲清楚如何选择、安装和使用AutoGPT | 本地安装 | AgentGPT | Cognosys,https://www.youtube.com/watch?v=_xejoN8H-U4,2023-04-15
47,QxMojTT5ahw,【人物】为何计算机传奇大神 Linus ，能写出Linux如此牛逼的操作系统？,https://www.youtube.com/watch?v=QxMojTT5ahw,2023-04-15
48,iO6j7WfQeo8,【人工智能】15分钟通俗讲解AutoGPT | 基本原理和流程,https://www.youtube.com/watch?v=iO6j7WfQeo8,2023-04-16
49,QNRUttmNVKM,【安全】PassGAN | 新型AI密码破解工具 | 基于生成式对抗网络GAN | 51%的密码可在1分钟破解 | 破解7位数密码只需要6分钟 | 提高密码安全性的三个方法,https://www.youtube.com/watch?v=QNRUttmNVKM,2023-04-16
50,RoGBzsOeiz0,【人工智能】Meta开源Animated Drawings项目算法 | 用AI让儿童涂鸦手绘人物动起来 | 32种动作多种配置参数任你选择,https://www.youtube.com/watch?v=RoGBzsOeiz0,2023-04-17
51,-2OSLGL48Os,【人工智能】开源多模态模型MiniGPT-4发布 | 提前感受GPT-4的识图能力 | 基于Vicuna构建的LLM | 能够生成图片描述 | 根据手写文本指令构建网站,https://www.youtube.com/watch?v=-2OSLGL48Os,2023-04-18
52,HwWsWrd3hyE,【编程】JDK新增史上最无用提案！竟然是为了简化Hello World？,https://www.youtube.com/watch?v=HwWsWrd3hyE,2023-04-19
53,uBYydYp7BB0,【人工智能】​Segment-and-Track Anything |  SAM-Track | 视频版SAM来了，分割/跟踪/编辑一切 | 现已开源 | 浙江大学计算机学院ReLER实验室,https://www.youtube.com/watch?v=uBYydYp7BB0,2023-04-21
54,Oke225G7_4s,【人工智能】15分钟Auto-GPT保姆级安装教程 | 如何用Docker在MacOS下安装AutoGPT,https://www.youtube.com/watch?v=Oke225G7_4s,2023-04-22
55,iI94ed5Jn84,【人工智能】如何安装Anaconda | AI程序开发必备 | 最好用的开源python发行版本,https://www.youtube.com/watch?v=iI94ed5Jn84,unknown
56,TLqOfceh9Kc,【人工智能】10分钟带你了解HuggingGPT是如何工作的 | HuggingGPT aka JARVIS | 微软与浙江大学完成,https://www.youtube.com/watch?v=TLqOfceh9Kc,unknown
57,LQaPKC4nRKo,【人工智能】陆奇的大模型世界观 | 万字长文演讲20分钟精华版 | 附65页精彩PPT | 如何看待OpenAI/ChatGPT/大模型LLM所带来的历史拐点 | 奇绩创坛最新演讲分享,https://www.youtube.com/watch?v=LQaPKC4nRKo,2023-04-24
58,DOgjiV75VLM,【人工智能】10个问题感受Vicuna-13B(小羊驼)超强的AI写作能力 | Vicuna-13B | 地表最强开源大语言模型没有之一 | 300美元你值得拥有！,https://www.youtube.com/watch?v=DOgjiV75VLM,unknown
59,94kLTkCPA0M,【商业】王小川与李彦宏的20年恩怨,https://www.youtube.com/watch?v=94kLTkCPA0M,2023-04-25
60,cQZNOWlYuWE,【商业】Midjourney如何战胜StabilityAI，从AIGC大战中脱颖而出？一个年营收1亿美元公司，竟然只有11个人，研发人员一半还都是实习生？没拿过一分钱融资，竟然免费要了1W块GPU？,https://www.youtube.com/watch?v=cQZNOWlYuWE,2023-04-26
61,vJNjg6TE2YU,【人工智能】Meta的觉醒 | 告别元宇宙，拥抱AIGC | 马克·扎克伯格 |  元宇宙实验室Reality Labs | Segment Anything Model | DINO V2 |,https://www.youtube.com/watch?v=vJNjg6TE2YU,unknown
62,THNNsuQUMb0,【人物】AI教父杰弗里辛顿Geoffrey Hinto离职Google | 对毕生工作感到后悔和恐惧 | Google为什么在AI竞争中处于下风 | Sundar Pichai面临哪些挑战,https://www.youtube.com/watch?v=THNNsuQUMb0,2023-05-04
63,1A3ETR0zFJY,【人工智能】AdeptAI | 你的贾维斯Javis | 通用人工智能助手 |  Action Transformer ACT-1 | 用AI来操作计算机上的软件。,https://www.youtube.com/watch?v=1A3ETR0zFJY,unknown
64,pdD6tPx4Maw,【人工智能】解读微软Microsoft TaskMatrix.AI | 多模态对话基础模型MCFM + 海量API | 可能是大语言模型LLM的另一个未来发展方向,https://www.youtube.com/watch?v=pdD6tPx4Maw,2023-05-05
65,cJ_50TPJLBU,【人工智能】全网独家首发 | 目前最完整MiniGPT-4本地安装部署中文教程 + 不完全避坑指南 | 开源版GPT-4 | 多模态图文识别和问答,https://www.youtube.com/watch?v=cJ_50TPJLBU,2023-05-06
66,h7Vn_AfsM_k,【人工智能】Google内部文件泄露 | Google没有壁垒 OpenAI也没有 | 开源大语言模型LLM终将战胜所有人 | 巨头之间的AI竞争竟然被Meta LLaMA偷了家,https://www.youtube.com/watch?v=h7Vn_AfsM_k,2023-05-07
67,PVU6JptWsmA,【投资】沃伦·巴菲特 查理·芒格 | 伯克希尔哈撒韦最新股东大会 | 五个半小时精华要点解读 | 对人工智能的发展感到恐惧和疑惑,https://www.youtube.com/watch?v=PVU6JptWsmA,2023-05-08
68,H48R3xq7IRI,【独家】5月7日 | 陆奇 | 《新范式 新时代 新机会》完整精修字幕版 | 奇绩创坛北京分享会 | 最新前沿技术趋势 | 深入分析OpenAI爆发成因 | 全面讲解大模型时代诞生的新场景和新机遇,https://www.youtube.com/watch?v=H48R3xq7IRI,2023-05-09
69,Q_j1dOzxKdY,【微软】Microsoft 365 Copilot新增8大功能 | 语义索引 | 白板Copilot | PPT DALL-E | OneNote Loop Viva Copilot,https://www.youtube.com/watch?v=Q_j1dOzxKdY,2023-05-10
70,yCZIlEdhrQ4,【Github】全球最大源代码平台Github全面开放新的代码搜索引擎 |  Code Search和Code View | 提升软件开发效率 | 自动补全 | 搜索结果智能分类,https://www.youtube.com/watch?v=yCZIlEdhrQ4,2023-05-11
71,QA3x2jIQ2o0,【商业】OpenAI首席执行官Sam Altman | OpenAI可能将融资1000亿美元 | 可能成为硅谷历史上融资最多的公司,https://www.youtube.com/watch?v=QA3x2jIQ2o0,2023-05-11
72,QjAmFHqsQbw,【ChatGPT】国内访问ChatGPT神器Pandora | 完整安装使用教程 | Github开源 | 一次性解决ChatGPT的封号、人机验证、拒绝访问、高负载、中断卡顿等使用问题 | 无需翻墙,https://www.youtube.com/watch?v=QjAmFHqsQbw,2023-05-12
73,BlED3pXO5NQ,【AI】Caryn AI | 美国女网红把自己做成虚拟女友 | 同时交往近千名男友 | 年入估计六千万美元 | AI赚钱新思路  | 虚拟伴侣能否解决情感寄托 | 电影《her》真实版,https://www.youtube.com/watch?v=BlED3pXO5NQ,2023-05-13
74,196No6_qiJk,【芯片】5月12日 | OPPO宣布关停旗下芯片子公司哲库科技ZEKU | 全员会议现场宣布关停解散,https://www.youtube.com/watch?v=196No6_qiJk,2023-05-14
75,-LECKZqygzk,【分享】5月7日 | 陆奇 | 《新范式 新时代 新机会》| 官方完整高清字幕版 | 奇绩创坛,https://www.youtube.com/watch?v=-LECKZqygzk,unknown
76,6bcJ3qrXSIY,【人工智能】解读Meta Toolformer论文 | 可以自学使用工具的大语言模型 | 如何让机器自己学会调用API | 如何对API进行采样和过滤,https://www.youtube.com/watch?v=6bcJ3qrXSIY,2023-05-15
77,uYzUyLBe-UQ,【人物】陈皓  (网名左耳朵耗子） | MegaEase创始人 | 资深技术专家 | 骨灰级程序员 | 上周六突发心梗逝世年仅47岁 | InfoQ二叉树人物纪录片《初心》,https://www.youtube.com/watch?v=uYzUyLBe-UQ,2023-05-15
78,zwOuJcvL6Kk,【人工智能】把个人理财全都交给GPT-4 + AutoGPT | 一天赚了217.85美元 | 退款发律师函还能讨价还价 | DoNotPay CEO Joshua Browder,https://www.youtube.com/watch?v=zwOuJcvL6Kk,2023-05-17
79,_fXNupKOXy0,【Google】2023 Google IO大会精彩集锦 |  谷歌三个最新AI黑科技 ，《帮我写》《魔法橡皮擦》《沉浸式地图》,https://www.youtube.com/watch?v=_fXNupKOXy0,unknown
80,CW4T5dQiViY,【OpenAI】萨姆奥特曼 Sam Altman出席国会听证会 | 积极拥抱政府监管 | AI企业要上牌照 | 建议成立国际组织 | AI将创造更多就业 | 不为赚钱只因热爱,https://www.youtube.com/watch?v=CW4T5dQiViY,2023-05-18
81,COEWCL9OFdA,【人工智能】ImageBind：一种跨感官“链接”人工智能的新方法  |  Meta 最新黑科技 | 多模态模型,https://www.youtube.com/watch?v=COEWCL9OFdA,unknown
82,V9BT4Kjb9is,【人工智能】《未来简史》作者赫拉利最新演讲 | AI无需意识和身体即可毁灭人类文明 | AI 已经破解了人类文明的操作系统 | 通过建立亲密关系影响人类 | AI比核武器更强大 | 为人类制造幻境,https://www.youtube.com/watch?v=V9BT4Kjb9is,2023-05-19
83,iWXGTnxUUow,【商业】领英中国溃败史 | 为何多次战略失误 | 打输三场关键战役 | 做了9年之后行业排名垫底 | 关闭赤兔和领英职场等服务,https://www.youtube.com/watch?v=iWXGTnxUUow,2023-05-21
84,3Rx1-FrldSc,【AIGC】GAN模型出新花样 | DragGAN模型 | 点点拖拽就能生成新图像 | 让狗转头让狮子开口让人眨眼 | MIT谷歌马普所多团队联手打造 | 第一作者华人,https://www.youtube.com/watch?v=3Rx1-FrldSc,2023-05-21
85,jcFJnB6tjZo,【AIGC】从此告别繁琐修图，Clipdrop带你体验“无痛修图”！ 八大功能 ： 橡皮擦、一键删除背景、打灯、超分、文生图、背景替换、文本去除器、变体图,https://www.youtube.com/watch?v=jcFJnB6tjZo,unknown
86,k35Ihh0tFW8,【Google】谷歌推出免费AI编程神器Colab，欲将Copilot拉下神坛,https://www.youtube.com/watch?v=k35Ihh0tFW8,2023-05-26
87,8zusGXL86UU,【商业】OPPO缘何梦碎哲库ZEKU | 失败的原因究竟是什么 | 美国制裁还是没钱 | 亦或是对行业缺少敬畏 | 造芯片究竟有多难,https://www.youtube.com/watch?v=8zusGXL86UU,2023-05-26
88,IiHY1Mit4wM,【人工智能】开源类ChatGPT模型 | BLOOMChat | 1760亿参数 | 可支持中文在内46种语言 | Apache 2.0许可可商用 | SambaNova和Together联合推出,https://www.youtube.com/watch?v=IiHY1Mit4wM,2023-05-27
89,KbfP543LLNw,【人工智能】全新AI智能体Voyager | 自己学会玩minecraft | 全场景终身学习 | 性能完胜AutoGPT | 英伟达Nvidia最新发布 | NPC取代人类玩家,https://www.youtube.com/watch?v=KbfP543LLNw,2023-05-27
90,J7U1Vg6pOLQ,【对话】SmartDeer创始人庞律 | 解读中国企业出海香港政策 | 香港人才引进计划 | 四类人才签证究竟有什么不同 | 如何拿到香港永居签证和公民身份 | 香港投资移民最新进展,https://www.youtube.com/watch?v=J7U1Vg6pOLQ,2023-05-28
91,9WdPG4KAbGY,【人物】中国人工智能的摇篮 | 上海交大ACM班传奇故事 | 余勇 | 林晨曦 | 戴文渊 | 胡哲人 | 李磊 | 李沐 | 陈天奇 | 王敏捷 | 张伟楠 | 郑曌,https://www.youtube.com/watch?v=9WdPG4KAbGY,2023-05-31
92,taSuUARydjk,【人工智能】医疗开源大模型 | HuatuoGPT | 华佗GPT | 港中文大学联合深圳大数据 | ChatGPT蒸馏数据+真实医生数据 | 效果超GPT3.5,https://www.youtube.com/watch?v=taSuUARydjk,2023-06-01
93,h4oyJykxCQQ,【AIGC】开源复刻版DragGAN模型 | 中国团队李白实验室 | 点击拖拽即可修图,https://www.youtube.com/watch?v=h4oyJykxCQQ,2023-06-02
94,Tj7xI5yVMSM,【人工智能】回顾人工智能十年发展历程 | 2013-2023 | AlexNet | GAN | Transformer | Resnet | GNN | GPT | Stable Diffusion,https://www.youtube.com/watch?v=Tj7xI5yVMSM,2023-06-03
95,Gi8eEanuNY8,【AIGC】谷歌公开StyleDrop模型论文 | 图像风格定制大师 | LOGO也能轻松生成 | 挑战Midjourney | 基于Muse模型,https://www.youtube.com/watch?v=Gi8eEanuNY8,2023-06-04
96,bvXw4LVxOwU,【人工智能】Tafi | 全球首个文本生成高质量3D模型平台 | 效果媲美玛雅C4D | 开放测试申请,https://www.youtube.com/watch?v=bvXw4LVxOwU,2023-06-08
97,AdLpFwM7epA,【YouTube】频道五月运营报告 | 关于YPP收入、大陆收pin码和收款的建议 | Youtube油管官方的一些功能更新 | 视频说明搜索优化技巧,https://www.youtube.com/watch?v=AdLpFwM7epA,unknown
98,0REmtdPnJr4,【预告】2023北京智源大会相关视频 | 四位图灵奖得主 | OpenAI、Midjourney创始人 | 国内众多院士学者 | 悟道3.0发布 | 天鹰、天秤、视界 | 上百场最新研究成果报告和研讨,https://www.youtube.com/watch?v=0REmtdPnJr4,2023-06-10
99,KoWUS4P_IGk,【人工智能】Twitter开源核心推荐系统解读 | 推荐系统架构介绍 | 召回 | 粗排 | 精排 | 重排 | 混排,https://www.youtube.com/watch?v=KoWUS4P_IGk,2023-06-11
100,GYRIhF2FA-g,【容器】容器管理工具Podman完全安装使用指南 | Docker平替 | 兼容Docker命令 | 如何管理容器、镜像、Pod | Kubernetes,https://www.youtube.com/watch?v=GYRIhF2FA-g,2023-06-12
101,ueGR7Dhqeqc,【BAAI】对2023北京智源大会的一个总结,https://www.youtube.com/watch?v=ueGR7Dhqeqc,2023-06-14
102,a0T8SmHR9Ik,【人工智能】Transformer论文《Attention Is All You Need》发表六周年回顾 | 八名作者如今都在干什么 | 多人创立独角兽公司,https://www.youtube.com/watch?v=a0T8SmHR9Ik,2023-06-15
103,_Zj2jmsEoXA,【人工智能】OmniMotion | 跟踪视频中的一切物体 | 即使遮挡也可跟踪 | quasi-3D规范体积视频表征 | 康奈尔大学、谷歌研究院和UC伯克利共同研究,https://www.youtube.com/watch?v=_Zj2jmsEoXA,2023-06-15
104,jgHhhjIE_3c,【OpenAI】ChatGPT的GPT-4、GPT-3.5系列模型重大更新 | 新增函数调用功能 | API价格大幅降低 | API弃用时间表 | LangChain岌岌可危？,https://www.youtube.com/watch?v=jgHhhjIE_3c,2023-06-17
105,VOjlOrq1Oh4,【商业】Stability AI创始人Emad Mostaque被曝丑闻 | 剽窃代码 | 学历造假 | 拖欠工资 | 夸大收入,https://www.youtube.com/watch?v=VOjlOrq1Oh4,2023-06-18
106,T96d8iNsDUQ,【编程开发】2023年最流行和最赚钱的编程语言是什么 |  StackOverflow超过9万名开发者调查报告 | MySQL数据库只能屈居第二 | 新增AI深入调查,https://www.youtube.com/watch?v=T96d8iNsDUQ,2023-06-19
107,hsLnqmCT5E0,How to install and use Amazon AWS CodeWhisperer,https://www.youtube.com/watch?v=hsLnqmCT5E0,2023-06-19
108,X8dy7uuD86Q,【AIGC】AI生成视频攻破“闪烁”难题 | 画面更一致生动 | 零样本视频翻译 | 南洋理工大学最新发表论文,https://www.youtube.com/watch?v=X8dy7uuD86Q,2023-06-21
109,TSLAgFYFjaA,【人生】当代年轻人的地狱开局 | 形成如今局面的原因 | 如何破解就业困局 | 发现自己的天赋和擅长 | 拒绝内卷和躺平,https://www.youtube.com/watch?v=TSLAgFYFjaA,2023-06-21
110,i0TkYxv21v4,【人物】硅谷千亿大佬要约架？| 八角笼中格斗 | 埃隆马斯克 | 马克扎克伯格 | 打嘴炮还是动真格？,https://www.youtube.com/watch?v=i0TkYxv21v4,2023-06-22
111,QFfBgYg-1a4,【读书】《为什么伟大不能被计划》| 什么是”新奇性搜索“ | 为什么目标会误导我们,https://www.youtube.com/watch?v=QFfBgYg-1a4,2023-06-23
112,CO8YtrtcQDE,【人生】2023高校毕业演讲 | 叶敬忠  | 罗翔,https://www.youtube.com/watch?v=CO8YtrtcQDE,2023-06-24
113,9cFbEYujfqM,【人工智能】AIGC领域最大收购 | 13亿美元 | Databricks 收购 MosaicML | 创业2年仅62人 | 估值翻6倍 | Snowflake 收购 Neeva,https://www.youtube.com/watch?v=9cFbEYujfqM,2023-06-27
114,AeN8dooRShw,【科技】2023年十大新兴技术报告 | 夏季达沃斯论坛 | Top 10 Emerging Technologies of 2023,https://www.youtube.com/watch?v=AeN8dooRShw,2023-07-03
115,KB_ksi5LOec,【人物】以太网之父 | 罗伯特·梅兰克顿·梅特卡夫 | Robert Melancton Metcalfe,https://www.youtube.com/watch?v=KB_ksi5LOec,2023-07-04
116,0SFj_xcP_3M,抑郁症简史 | 从中世纪到现代医学 | 为何世界名人都爱得抑郁症,https://www.youtube.com/watch?v=0SFj_xcP_3M,2023-07-07
117,KkJA3a3dTNs,【OpenAI】OpenAI重磅更新 | GPT-4 API全面开放使用！,https://www.youtube.com/watch?v=KkJA3a3dTNs,unknown
118,jMVzOgp5f5k,【人工智能】开源多模态大语言模型哪家强？| TOP 12 排行榜 | 2个大类14个子任务 | BLIP2 | MiniGPT4,https://www.youtube.com/watch?v=jMVzOgp5f5k,unknown
119,Nuf4HsKtt5E,【思考】如何做出伟大的工作 | 保罗·格雷厄姆最新长文 | 万字精华总结 | 四个步骤 | 找到你感兴趣的工作 | 与好奇心共舞,https://www.youtube.com/watch?v=Nuf4HsKtt5E,2023-07-09
120,ti2dDOjC_x8,【OpenAI】OpenAI发布全球招募令 | 打造全新团队“Superalignment” | 四年内解决超级人工智能对齐问题,https://www.youtube.com/watch?v=ti2dDOjC_x8,2023-07-10
121,CvD6WuaP_H4,【人工智能】什么是AI智能体 | 基于大语言模型的智能代理 | OpenAI安全系统负责人 | Lilian Weng,https://www.youtube.com/watch?v=CvD6WuaP_H4,2023-07-11
122,dtULz5C5_vU,【GPT4】GPT-4内部核心技术全揭秘 | 1.8万亿参数 | 16个混合专家MoE模型 | 训练一次超6300万美元 | 训练使用13万亿个token | 推理计算瓶颈 | AI算力 | 工程权衡,https://www.youtube.com/watch?v=dtULz5C5_vU,2023-07-12
123,e-lhpJtk1J8,【人工智能】什么是超级对齐 | Super Alignment | 对齐的十个级别 | OpenAI组建新的超级智能团队,https://www.youtube.com/watch?v=e-lhpJtk1J8,2023-07-13
124,P5WLWIs4rEU,【人工智能】马斯克成立新公司xAI | 探索宇宙的本质 | OpenAI的竞争对手 | 十一名创始团队成员就位,https://www.youtube.com/watch?v=P5WLWIs4rEU,2023-07-14
125,tPi7JrcwnnA,【人工智能】如何用LangChain和向量数据库打造语义搜索 | LangChain CEO解读 | 五个典型案例,https://www.youtube.com/watch?v=tPi7JrcwnnA,2023-07-15
126,CQnffaEqemk,【xAI】xAI创始团队12人Twitter首秀  | 公司的使命目标及团队分工 | OpenAI的竞争对手 | 探索宇宙的本质,https://www.youtube.com/watch?v=CQnffaEqemk,unknown
127,-IPSWBmeB78,【商业】Threads数据开始下降，这是要黄了么？,https://www.youtube.com/watch?v=-IPSWBmeB78,unknown
128,6rKP_GhKjSM,【GPT-4】你是否感觉最近GPT-4变笨了呢？究竟是什么原因？OpenAI在搞什么？,https://www.youtube.com/watch?v=6rKP_GhKjSM,2023-07-18
129,0s7WFLmucMw,【人物】奥本海默 | 原子弹之父 | 曼哈顿计划 | 诺兰首部传记电影,https://www.youtube.com/watch?v=0s7WFLmucMw,2023-07-19
130,Vl5O5Yn9_4M,【人工智能】Meta发布Llama 2 | 免费开源可商用 AI 大语言模型 | OpenAI 竞争对手 | 微软又一次赢麻了,https://www.youtube.com/watch?v=Vl5O5Yn9_4M,2023-07-19
131,8jmHQ8lL2sI,【GPT】实锤！GPT-4真的变笨了！| 四大任务评估 | 数学能力几乎归零 | 大语言模型的质量究竟是否可控？,https://www.youtube.com/watch?v=8jmHQ8lL2sI,2023-07-21
132,Va38mwJydGY,【Apple】苹果组建团队秘密研发大语言模型 | Apple GPT | 计划跟OpenAI谈合作 | 用AI来增强Siri | 2024年公开,https://www.youtube.com/watch?v=Va38mwJydGY,2023-07-21
133,4SOysxlCP1s,【OpenAI】OpenAI薪资体系揭秘 | 基本工资一年30万 | PPU是什么?是否在给员工画大饼?,https://www.youtube.com/watch?v=4SOysxlCP1s,2023-07-22
134,VGgRzU5bSIo,【人物】凯文・米特尼克的传奇一生 | 世界头号黑客 | 轻松入侵FBI | 十大通缉要犯 | 59岁因病逝世,https://www.youtube.com/watch?v=VGgRzU5bSIo,2023-07-22
135,e5fBuXeWhRU,【人工智能】 Meta Llama 2技术细节详解 | 伯克利博士解读 | 奖励模型才是关键 | 高质量数据是一切,https://www.youtube.com/watch?v=e5fBuXeWhRU,2023-07-23
136,sM5Yr_9Ari4,【人工智能】邪恶版ChatGPT现世 | WormGPT | 自动写病毒、钓鱼邮件 | 黑客专用武器库 | BEC攻击 | 奶奶漏洞,https://www.youtube.com/watch?v=sM5Yr_9Ari4,2023-07-23
137,0GrS3Edsm-4,【人工智能】用AI检测器来检测AI生成内容到底靠不靠谱 | 《美国宪法》和《圣经》都是AI生成的？| 困惑度和突发性指标 | GPTZero | AI生成数据有毒？,https://www.youtube.com/watch?v=0GrS3Edsm-4,2023-07-24
138,GlaWDx8efps,【人工智能】白宫联合七大AI巨头发起自愿承诺书 |  如何对AI生成的内容添加水印 | 马里兰大学论文解读,https://www.youtube.com/watch?v=GlaWDx8efps,2023-07-25
139,U88fv5N9ACQ,【商业】Sam Altman的 Worldcoin 项目正式上线 | 什么是Worldcoin | 是割韭菜还是真的乌托邦 | World ID | Orb虹膜识别 | 加密数字货币,https://www.youtube.com/watch?v=U88fv5N9ACQ,2023-07-26
140,vk49TN4heAY,【资讯】微软最新季度财报创纪录 | Alphabet广告业务重新增长 | 阿里云率先支持Llama 2 | OpenAI停用AI文本检测器 | 科技日报01期 | 20230727,https://www.youtube.com/watch?v=vk49TN4heAY,2023-07-27
141,4yUI4J7sJXg,【资讯】Stability AI发布SDXL1.0 | Meta Llama2收费 | Cohere推出Coral | 谷歌Brain2Music模型 | 科技日报02期 | 20230328,https://www.youtube.com/watch?v=4yUI4J7sJXg,2023-07-28
142,b_Zuitub7OA,【商业】AI创业者眼中的AI创业格局 | Sam Hogan  | AI创业时代的壁垒是什么 | 行业先行者是否能够一直笑傲江湖 | 大公司和小公司分别有怎样的机会,https://www.youtube.com/watch?v=b_Zuitub7OA,2023-07-28
143,0iRaXZpTAI4,【资讯】Photoshop测试版推出生成性扩展AI功能 | OpenAI | 微软 | DoorDash | 科技日报03期 | 20230329,https://www.youtube.com/watch?v=0iRaXZpTAI4,unknown
144,MnnM7DAr3wM,【行业】 2023中国开发者调查报告 | 程序员基本画像 | 年龄 | 收入 | 地域 | 行业 | 工作时长 | 工作状态 | 开发工具 | 如何看待AI,https://www.youtube.com/watch?v=MnnM7DAr3wM,unknown
145,8qA5ROIWj9M,【AI】Stack Overflow发布Overflow AI 能否挽救颓势 | 语义搜索 | VS Code 扩展 | Slack集成 | 企业知识提取 | 开发专属论坛,https://www.youtube.com/watch?v=8qA5ROIWj9M,2023-07-30
146,T1wcUohiyRw,【Twitter】 如何评价Twitter和埃隆马斯克 | 睡地板仍被裁的女高管回忆爆料,https://www.youtube.com/watch?v=T1wcUohiyRw,2023-07-30
147,mZVTBB_YnZk,【人工智能】DeepMind发布RT-2 | VAL模型 | 泛化能力优秀 | 机器人版ChatGPT | 具身智能最新进展,https://www.youtube.com/watch?v=mZVTBB_YnZk,2023-07-31
148,kwbt9K307x4,【科技】人工智能有多渴 | Google一年消耗一个半西湖 | 大厂把数据中心都建到哪,https://www.youtube.com/watch?v=kwbt9K307x4,2023-07-31
149,6jBQDAUk5QQ,从罗刹海市到人工智能 | 刀郎 | 维特根斯坦 | 语言哲学 | 人类与AI面临一样的困境,https://www.youtube.com/watch?v=6jBQDAUk5QQ,2023-08-01
150,0E7znys97z0,【超导】LK-99常温超导晶体 | 中美俄实验室同日复现 | 韩国团队内讧 | 相关美股暴涨 | 专家仪器竟比不过坩埚| 炼金术成真| 第四次技术革命到来？,https://www.youtube.com/watch?v=0E7znys97z0,2023-08-02
151,UyhQtBv_0eE,【超导】LK-99背后的故事 | 幽灵般出现的波动 | 两人坚持了20年的梦想 | 人类为何如此追求超导,https://www.youtube.com/watch?v=UyhQtBv_0eE,2023-08-03
152,vn115XvtoZU,【医药】抗癌神药是真的么 | AOH1996 | 20年研发历程 | PCNA靶向治疗 | 抑制70多种癌细胞 | 对健康细胞无害,https://www.youtube.com/watch?v=vn115XvtoZU,2023-08-04
153,_Z8lLV9TE1A,【分享】傅盛演讲 | AGI时代的AI-Native创业思考 | 大模型创业的机会在哪里 | 学好提示词 | 大模型很大应用很小 | 创业者要把细节做好,https://www.youtube.com/watch?v=_Z8lLV9TE1A,2023-08-05
154,wg4g7f01LpE,【ChatGPT】最新六项功能更新 | 默认使用GPT-4 | 提示示例 | 多文件上传 | 支持快捷键 | 回答建议 | 更长登录状态,https://www.youtube.com/watch?v=wg4g7f01LpE,2023-08-05
155,73ItxszMpWw,【AI】目前AI公司还需要多少张H100 GPU显卡 | 为什么不选AMD和V100  | 半年内H100短缺 | 产能瓶颈在哪里 | 英伟达NVIDIA,https://www.youtube.com/watch?v=73ItxszMpWw,2023-08-07
156,KBq9ZfmX_WM,【人物】Vim 编辑器之父 Bram Moolenaar | 传奇人生 | 最受程序员欢迎的编辑器之一 | 慈善软件发起人 | ICCF,https://www.youtube.com/watch?v=KBq9ZfmX_WM,2023-08-08
157,51I0Dt3bPRk,【OpenAI】OpenAI公布官方爬虫GPTBot | robots协议 | AI数据究竟如何使用,https://www.youtube.com/watch?v=51I0Dt3bPRk,2023-08-08
158,Wu8zpztxQO0,【开源】盘点开源项目挣钱的22种模式 | SaaS | 软件市场 | 升级服务 | 认证培训 | 流量 | 捐款 | 周边,https://www.youtube.com/watch?v=Wu8zpztxQO0,2023-08-09
159,BfO4Hg9vSmE,【Nvidia】英伟达发布史上最快GPU GH200 | AI Workstation | RTX6000 | Ominverse| 黄仁勋 | SIGGRAPH2023,https://www.youtube.com/watch?v=BfO4Hg9vSmE,2023-08-09
160,Qh6RU8N1MZY,【人工智能】ChatGPT版权侵权第一案 | 美国两名作家集体诉讼 | 六项指控 | OpenAI | 古登堡计划 | 影子图书馆,https://www.youtube.com/watch?v=Qh6RU8N1MZY,2023-08-11
161,6XyLhswQ6j4,【创业】创业者的“迷宫” | 马克.安德森 | A16Z创始人 | 如何看待AI | 创始人背调 | 创业的本质,https://www.youtube.com/watch?v=6XyLhswQ6j4,2023-08-12
162,dIyQl99oxlg,【人工智能】万字通俗讲解大语言模型内部运行原理 | LLM | 词向量 | Transformer | 注意力机制 | 前馈网络 | 反向传播 | 心智理论,https://www.youtube.com/watch?v=dIyQl99oxlg,2023-08-13
163,uumQeZYo6Z0,【AIGC】Stability.AI发布代码生成模型StableCode | 30亿参数 | 16000上下文长度 | 三种模型 | StarCoder | HuggingFace开源,https://www.youtube.com/watch?v=uumQeZYo6Z0,2023-08-15
164,8DVBLrPUaEk,【小米】雷军2023年度演讲”成长“ | 小米新产品发布会 | 3小时浓缩精华版 | 人因梦想而伟大,https://www.youtube.com/watch?v=8DVBLrPUaEk,2023-08-15
165,e3wR1jlYsvg,【AI】什么是e/acc | 为何能预见这次AIGC浪潮 | 有效加速主义 | 有效利他主义,https://www.youtube.com/watch?v=e3wR1jlYsvg,2023-08-16
166,LKxPQk0XTwg,【OpenAI】GPT-4挑战人类内容审核员 | 一天顶6个月 | 自动识别非法信息 | 审核员要下岗了？,https://www.youtube.com/watch?v=LKxPQk0XTwg,2023-08-16
167,F6ApJH5xuVo,【AIGC】七千字通俗讲解Stable Diffusion | 稳定扩散模型 | CLIP | UNET | VAE | Dreambooth | LoRA,https://www.youtube.com/watch?v=F6ApJH5xuVo,2023-08-18
168,SctDzExnSw0,【OpenAI】OpenAI首次公开宣布收购 | Global Illumination | 8人小公司为何被青睐 | 开源MMOPRG Biomes,https://www.youtube.com/watch?v=SctDzExnSw0,2023-08-19
169,J3LAuwB0G_c,【科学】脑机接口治愈16年抑郁症 | 脑起搏器 | 电极刺激神经核团 | 上海瑞金医院 | 孙伯民,https://www.youtube.com/watch?v=J3LAuwB0G_c,2023-08-20
170,ztsE_tgclj4,【AI】十年「AI for Science」发展综述 | 人工智能如何助力科学研究 | 图灵奖Yoshua Bengio团队 | 《Nature》杂志发表 | 是否要投身AI for Science,https://www.youtube.com/watch?v=ztsE_tgclj4,2023-08-20
171,XRvjoQWtlHU,【AI】OpenAI的超级对齐究竟要干什么 | 团队负责人Jan Leike访谈深度解析 | 4年内解决超级对齐 | 一盘大棋还是噱头 | 对齐AI的自我升级迭代 | 算力即对齐 | 是否会产生AGI,https://www.youtube.com/watch?v=XRvjoQWtlHU,2023-08-22
172,hYAOx-zQ62k,【OpenAI】GPT-3.5 Turbo开放微调API | FineTuning | 人人可打造专属ChatGPT | GPT-4版本即将推出,https://www.youtube.com/watch?v=hYAOx-zQ62k,2023-08-24
173,cYpBDZbrvLA,【Office】微软EXCEL重大升级 | 原生支持Python | 可视化分析 | 机器学习 | 数据处理 | Anaconda | Microsoft 365,https://www.youtube.com/watch?v=cYpBDZbrvLA,2023-08-25
174,Wr6-bf_e8c0,【Meta】Meta开源代码生成模型 Code Llama | Llama 2家族 | 效果直逼GPT-4 | 免费可商用,https://www.youtube.com/watch?v=Wr6-bf_e8c0,2023-08-25
175,RhsSdh8RSgM,【AI】AI终会有意识 | 图灵奖得主Yoshua Bengio | 19人团队88页论文论证 | 没有技术障碍,https://www.youtube.com/watch?v=RhsSdh8RSgM,2023-08-26
176,fOpBEWZVKU0,【国产】CEC-IDE | 号称自主研发 | 实则套皮开源 | 数字广东 | 究竟是谁在卡我们的脖子 | 汉芯 | 红芯浏览器 | 木兰编程语言,https://www.youtube.com/watch?v=fOpBEWZVKU0,2023-08-28
177,9TF9b7ZWvnk,【AWS】Amazon计划明年推出IPv4新价格 | 43亿IPv4地址四年前已耗尽 | IPv6为何普及不高,https://www.youtube.com/watch?v=9TF9b7ZWvnk,2023-08-29
178,c5qUwar9tMA,【OpenAI】ChatGPT Enterprise企业版正式发布 | 无限制访问GPT-4 | 32K上下文输入 | 企业级安全隐私保护 | Sam Altman前往中东寻求千亿美元融资,https://www.youtube.com/watch?v=c5qUwar9tMA,2023-08-30
179,UZBSXzNKB1Q,【人工智能】具身智能：下一个AI浪潮 | 稚晖君 | Embodied AI | 什么是具身智能 | 目前发展阶段 | 挑战与困难 | 智元远征A1机器人,https://www.youtube.com/watch?v=UZBSXzNKB1Q,2023-08-30
180,YEWRzuTPRY0,【独家】DoctorGPT本地安装部署指南 | 你的私人AI医生 | 完全免费 | 跨平台支持 | Llama 2 70亿微调 | 通过美国医学执照考试,https://www.youtube.com/watch?v=YEWRzuTPRY0,2023-09-01
181,APH0iOko50c,【Google】SemiAnalysis第三弹爆料 | 谷歌Gemini是GPT-4五倍算力 | 算力王者 | TPUv5 | 算力穷人将被淘汰 | AI芯片世界的救世主？,https://www.youtube.com/watch?v=APH0iOko50c,2023-09-01
182,kr_K5FOm5ug,【AIGC】国内首例AI文生图著作权案 | StableDiffusion生成的图片有没有著作权 | 是否属于作品 | 创作主体 | 独创性,https://www.youtube.com/watch?v=kr_K5FOm5ug,2023-09-02
183,0Hk9XFfdeEM,【人工智能】OpenAI正在秘密训练GPT-5？| 穆斯塔法·苏莱曼最新访谈 | DeepMind联创&InfectionAI CEO | 比GPT-4大100倍 | DeepMind背后的故事,https://www.youtube.com/watch?v=0Hk9XFfdeEM,2023-09-04
184,0fZGr93Ni1s,【AI】人工智能的新机遇 | 吴恩达Andrew Ng | 斯坦福最新7.26演讲 | 15分钟浓缩精华版,https://www.youtube.com/watch?v=0fZGr93Ni1s,2023-09-09
185,_6k9l65y4GQ,【开源】Github上的一个Star值多少钱 | 开源项目为何要刷星 | 如何给Github项目刷量 | 真假用户行为 | 非监督聚类检测算法,https://www.youtube.com/watch?v=_6k9l65y4GQ,2023-09-11
186,T142VYGXf38,【人工智能】万字综述大语言模型幻觉 | 如何定义幻觉 | 评估基准和方法 | 幻觉的来源 | 如何减少幻觉,https://www.youtube.com/watch?v=T142VYGXf38,2023-09-12
187,7BMiE0wG8QU,【人工智能】AI能闻到气味么 | 是否拥有并超越人的嗅觉 | Science最新发表研究 | 50万种气味图谱 | 机器感知的新边界,https://www.youtube.com/watch?v=7BMiE0wG8QU,2023-09-14
188,tSrG_eJ3J_E,【解密】三指外星人木乃伊遗骸再现 | 墨西哥国会发布会 | 真相还是骗局,https://www.youtube.com/watch?v=tSrG_eJ3J_E,2023-09-14
189,24taNsvS2Ac,【科学】2023搞笑诺贝尔奖公布 | Ig Nobel Prizes | 那些最意想不到的科学研究,https://www.youtube.com/watch?v=24taNsvS2Ac,2023-09-15
190,sxeNBsxPmf0,【人工智能】万字综述大语言模型代理 Agent | 研究背景 | 通用框架 | 控制、感知、行动 | 应用场景 | 代理社会 | 前瞻问题,https://www.youtube.com/watch?v=sxeNBsxPmf0,2023-09-18
191,4Gaf-NBZnoU,【人工智能】生成式AI拉开第二幕 | 红杉资本美国最新撰文 | 对生成式AI的反思 | 当下AI创业的方向,https://www.youtube.com/watch?v=4Gaf-NBZnoU,2023-09-24
192,w5JIIVPao-I,【闲聊】EUV光刻机要实现技术突破了？| 制造芯片为什么需要光刻机 | 生产光刻机究竟有多难 | SSMB的由来 | 实事求是才是科学发展的道路,https://www.youtube.com/watch?v=w5JIIVPao-I,2023-09-25
193,QAyUNgsjj_M,【OpenAI】Sam Altman和OpenAI究竟想要什么？硅谷著名科技记者Steven Levy深度采访 | 起源 | 转折 | 发展 | 终极目标,https://www.youtube.com/watch?v=QAyUNgsjj_M,2023-09-26
194,jmCuzYBn-Sw,【人工智能】AI领域的第一性原理是什么 | 最小作用量原理 | 理解常识 | 因果关系,https://www.youtube.com/watch?v=jmCuzYBn-Sw,2023-10-03
195,E1T4l2UReiM,【人工智能】Yann LeCun最新德国演讲 | 从机器学习到自主智能 | 自监督学习 | 世界模型 | JEPA,https://www.youtube.com/watch?v=E1T4l2UReiM,2023-10-04
196,IaexGrt3wZ0,【商业】37Signals公司的37条Signal | 创业Startup | ShapeUp | Rework | Remote,https://www.youtube.com/watch?v=IaexGrt3wZ0,2023-10-05
197,q45PUg8U1e4,【人工智能】OpenAI科学家Hyung Won Chung演讲精华版 | 2023年的大模型 | 涌现 | Transformer | 并行训练 | 后训练阶段 | 奖励模型 | 目标函数学习,https://www.youtube.com/watch?v=q45PUg8U1e4,2023-10-16
198,tgseAzI3fmg,【思考】超线性回报 | 保罗·格雷厄姆最新长文 | 万字精华总结 | 如何获得超线性回报 | 指数增长 | 阈值  | 好奇心,https://www.youtube.com/watch?v=tgseAzI3fmg,2023-10-23
199,2QtOFC7Tgx4,【AIGC】DALL-E 3技术报告解读 | 文生图 | 指令遵循 | 图片标题合成 | CLIP | Latent Diffusion,https://www.youtube.com/watch?v=2QtOFC7Tgx4,2023-10-25
200,8EeX6EwXIpY,【人工智能】波士顿动力Spot开口说话了 | ChatGPT ｜机器狗导游 | 正宗伦敦腔,https://www.youtube.com/watch?v=8EeX6EwXIpY,2023-10-28
201,aCaJGxhABLc,【AI】什么是InfiniBand | 发展历程 | 工作原理 | AI的计算网络底座 | 训练GPT的网络 | Mellanox | Nvidia | RDMA | RoCE,https://www.youtube.com/watch?v=aCaJGxhABLc,2023-11-04
202,Vwdw3tUZzmI,【人工智能】State of AI report 2023 | 163页报告 | 15分钟解读 | 研究进展 | 行业局势 | 现有政策 | 安全问题 | 未来十个预测,https://www.youtube.com/watch?v=Vwdw3tUZzmI,2023-11-05
203,3LiDEtluGSI,【OpenAI】GPT再迎史诗级更新 | GPT-4 Turbo | 可定制ChatGPT的GPTs | GPT Store | Assistants API | OpenAI首届开发者日,https://www.youtube.com/watch?v=3LiDEtluGSI,2023-11-07
204,sb5omaDlYrM,【人工智能】计算—宇宙的尽头 | 宇宙可以被计算么 | 万事万物的本质 | Ruliad | 如何用计算思维来思考AI、宇宙及万事万物 | AI大佬Stephen Wolfram最新TED演讲,https://www.youtube.com/watch?v=sb5omaDlYrM,2023-11-12
205,cGW07ERrKTo,【国产】号称全球最强的国产 AI 模型竟然套壳LLaMA | Yi模型 | 零一万物 | 李开复 | 官方回复,https://www.youtube.com/watch?v=cGW07ERrKTo,2023-11-14
206,VJ4RJT-T3C0,【OpenAI】OpenAI宫斗始末回顾 | Sam Alterman被董事会开除 | Greg Brockman离职 | Ilya Sutskever主导 | 微软成最大赢家 |OpenAI面临解体,https://www.youtube.com/watch?v=VJ4RJT-T3C0,2023-11-20
207,OI4uzoF5rEs,【OpenAI】OpenAI宫斗的内幕 | 公司内部管理混乱 | 分歧早已出现端倪 | 商业现实和科技理想 | 两种极端意识形态斗争的高潮 | 《大西洋月刊》发文,https://www.youtube.com/watch?v=OI4uzoF5rEs,2023-11-21
208,dsXDRF9KvkY,【OpenAI】有关Q*项目的猜测 | 引发Sam Altman开除的背后原因 | 接近于AGI的突破 | AlphaGo Zero | GPT Zero,https://www.youtube.com/watch?v=dsXDRF9KvkY,2023-11-24
209,A5-symZov30,【Google】现在的谷歌究竟是屠龙少年还是恶龙 | 18年老员工Ian Hickson离职吐槽 | 不作恶的理念是否还能坚守 | 剑指Sundar Pichai和公司管理层,https://www.youtube.com/watch?v=A5-symZov30,2023-11-25
210,3AiwdQJln5s,【人工智能】大语言模型入门简介 | Andrej Karpathy最新视频教程 | 大语言模型的本质 | 发展趋势 | 安全 | 通俗易懂小白友好,https://www.youtube.com/watch?v=3AiwdQJln5s,2023-11-26
211,x4DL9SRA3Og,【GPU】GPU架构入门指南 | GPU内部工作原理 | 执行过程 | 如何运行kernel | GPU与CPU有什么不同 | CUDA | Warp,https://www.youtube.com/watch?v=x4DL9SRA3Og,2023-11-29
212,EPlopndHmpo,【AIGC】国内AIGC著作权侵权第一案 | 一审判决原告胜诉 | 智力成果如何判定 | 作品作者究竟是谁 | AI生成图片著作权,https://www.youtube.com/watch?v=EPlopndHmpo,2023-11-30
213,oyX8KmjDJdo,【ChatGPT】ChatGPT一周年回顾 | 见证AI成长之路 | OpenAI | 大语言模型 | 多模态 | 融资与竞争 | 监管与安全,https://www.youtube.com/watch?v=oyX8KmjDJdo,2023-12-01
214,iA8or6kX_Cg,【OpenAI】微软和OpenAI合作的内幕 | Sam Altman被罢免的原因 | 微软背后的三个计划 | New Yorker长文爆料 | Satya Nadella | Kevin Scott,https://www.youtube.com/watch?v=iA8or6kX_Cg,2023-12-04
215,uQcBwN1PEyI,【人工智能】万字通俗讲解向量数据库 | 什么是向量数据库 | 有何不同 | 如何选择 |  Vector Database | Chroma | Pinecone | Milvus,https://www.youtube.com/watch?v=uQcBwN1PEyI,2023-12-08
216,NAskCMCmTCw,【Google】谷歌发布最强多模态模型Gemini又翻车? | 演示视频被质疑夸大造假 | 模型能力究竟如何 | 能否硬刚GPT-4,https://www.youtube.com/watch?v=NAskCMCmTCw,2023-12-10
217,o-BDLUxPcRs,【人工智能】由弱到强的对齐方法 | Weak To Strong | OpenAI超级对齐团队首篇论文 | 如何让AI来监督AI,https://www.youtube.com/watch?v=o-BDLUxPcRs,2023-12-31
218,GpWBZQRHAfY,【人工智能】什么是混合专家模型MoE | 稀疏层 | 门控路由 | 发展历史和挑战 | Mixtral AI |【中间有彩蛋】,https://www.youtube.com/watch?v=GpWBZQRHAfY,2024-01-01
219,yhk9x__D-Us,【人工智能】如何写好提示词 | OpenAI官方提示工程指南 | 六大原则 | 清晰细致 | 提供参考 | 任务拆分 | 让它思考 | 外部工具 | 系统测试,https://www.youtube.com/watch?v=yhk9x__D-Us,2024-01-08
220,TAsTuRZOCIQ,【人工智能】震惊世界！OpenAI发布最新文生视频模型SORA | 长达60秒高清视频生成 | AGI来临 | 模拟世界 | 缩放法则ScalingLaw,https://www.youtube.com/watch?v=TAsTuRZOCIQ,2024-02-17
221,-W4_N_TjHNY,【人工智能】Google升级Gemini 1.5 Pro | 支持100万-1000万 Token长度 | MoE架构 | 多模态识别和理解 | 上下文学习,https://www.youtube.com/watch?v=-W4_N_TjHNY,2024-02-19
222,IyLNss9fV8I,【人工智能】Google发布首个开放模型 Gemma | 2B和7B参数量 | 挑战Llama 2 和Mistral 7B | 轻量级个人电脑可运行,https://www.youtube.com/watch?v=IyLNss9fV8I,2024-02-23
223,sTODZX-JLro,【人工智能】中国大模型行业的五个真问题 | 究竟应该如何看待国内大模型行业的发展现状 | 模型 | 算力 | 数据 | 资本 | 商业化 | 人才 | 反思,https://www.youtube.com/watch?v=sTODZX-JLro,2024-02-24
224,r2U_NEMM6_0,【英伟达】Nvidia市场创造纪录 | 2万亿美元 | 低估还是泡沫 | 地球上最重要的股票 | AI信仰 | 黄仁勋,https://www.youtube.com/watch?v=r2U_NEMM6_0,2024-02-27
225,vbVfAqPI8ng,【人工智能】《苦涩的教训 The Bitter Lesson》  | 人工智能经典文章 | 我们应该过去70年的研究中获得什么经验 | 如何看待人工智能 | 算力 | scaling law,https://www.youtube.com/watch?v=vbVfAqPI8ng,2024-03-01
226,yTSBAFTxHtw,【Google】Gemini再次翻车 | 只能生成黑人照片 | 错误不可接受 | Google面临内部大调整 | 大模型也要坚持政治正确么？,https://www.youtube.com/watch?v=yTSBAFTxHtw,2024-03-02
227,sAGlpvNsE9E,【人工智能】马斯克正式起诉OpenAI | 46页1万4千字诉状 | 五大罪状 | 十项诉求 | 被骗钱骗人骗技术 | 赔偿损失,https://www.youtube.com/watch?v=sAGlpvNsE9E,2024-03-03
228,gXaXJ0XXYDk,【人工智能】Anthropic突然发布Claude 3 | 多项指标超越GPT-4 | 三个规模尺寸 | 支持200k上下文长度 | 多模态 | 安全提升 | GPT-5是否会加速到来,https://www.youtube.com/watch?v=gXaXJ0XXYDk,2024-03-05
229,2O3yeztePxw,【人工智能】Google大神Jeff Dean最新演讲 | 机器学习令人兴奋的趋势 | 计算的十年飞跃 | 神经网络 | 语言模型十五年发展 | Gemini | ImageNet | AlexNet,https://www.youtube.com/watch?v=2O3yeztePxw,2024-03-06
230,0Qffv1-D1lk,【人工智能】OpenAI发文正式回应马斯克的起诉 | 反驳所有指控 | 马斯克只投资4500万美元 | 早已知道成立营利性组织 | 伊利亚现身 | 神秘信息曝光,https://www.youtube.com/watch?v=0Qffv1-D1lk,2024-03-07
231,kyn4-WzbDzE,【技术】闰年带来哪些程序Bug和影响 | 四年一次的软件灾难 | OpenAI也不幸中招 | 如何在程序中处理闰年 | 软件开发 | Leap Day Bug,https://www.youtube.com/watch?v=kyn4-WzbDzE,2024-03-07
232,aUlgwp3Y9HA,【人工智能】中国的算力产业究竟该如何发展 | 五个问题 | 资源分散 | 公有云发展乏力 | 大模型红利 | 国产替代 | 产业政策,https://www.youtube.com/watch?v=aUlgwp3Y9HA,2024-03-08
233,31H-TiiRAd8,【人工智能】Yann LeCun最新3小时访谈精华版 | AI终将造福人类 | 世界模型 | 大模型的局限性 | AI末日论 | 开源大模型Llama,https://www.youtube.com/watch?v=31H-TiiRAd8,2024-03-09
234,GeiuXDOMziY,【人工智能】Inflection AI发布最新Inflection-2.5大模型 | AI助手Pi | 同理心微调 | 仅用GPT-4 40%算力训练 | 性能接近GPT-4,https://www.youtube.com/watch?v=GeiuXDOMziY,2024-03-10
235,tUB_mmBXG9Y,【人工智能】Geoffrey Hinton牛津大学演讲精华版 | 数字智能会不会取代生物智能 | 符号学派 | 神经网络 | 大语言模型 | 幻觉与记忆 | 人类无法阻止AI | 超级智能会加快到来,https://www.youtube.com/watch?v=tUB_mmBXG9Y,2024-03-11
236,09pACF9dvK8,【AIGC】Stable Diffusion 3.0技术报告解读 | 类Sora全新MMDiT架构 | 可在RTX 4090上运行80亿参数模型 | 性能碾压竞品 | 惊人的理解力和创造力,https://www.youtube.com/watch?v=09pACF9dvK8,2024-03-13
237,r5YvoWsioyw,【人工智能】AI的尽头是什么 | 光伏和储能 | 100万倍算力 | 信息茧房 | 黄仁勋 | Sam Altman | 一切可能只是我们的颠倒妄想,https://www.youtube.com/watch?v=r5YvoWsioyw,2024-03-14
238,vO1wnHA0tZg,【人工智能】Figure 01机器人亮相 | OpenAI多模态能力加持 | 与人类流畅对话交互 | 具身智能的GPT-4时刻,https://www.youtube.com/watch?v=vO1wnHA0tZg,2024-03-15
239,I81UYrOwrVI,【SpaceX】SpaceX“星舰”第三次轨道试飞 | 失败还是成功 | SpaceX的太空统治力 | 星舰Starship | 星链Starlink | 猎鹰9号Falcon 9 | 马斯克,https://www.youtube.com/watch?v=I81UYrOwrVI,2024-03-16
240,Dhx9Aty4ycs,【闲聊】佛法与宇宙的终极真理 | 佛 | 佛法在讲什么 | 缘 | 空性 | 生死轮回 | 灵魂 | 宇宙的终极真理是什么 | 破二元对立 | 道,https://www.youtube.com/watch?v=Dhx9Aty4ycs,2024-03-18
241,wimBiMvaOpw,【人工智能】马斯克开源Grok-1 | xAI 史上最大开源大模型 | 3140亿参数 | 8专家MoE专家模型 | JAX | Rust,https://www.youtube.com/watch?v=wimBiMvaOpw,2024-03-19
242,zBIddyiMXsU,【英伟达】GTC 2024|黄仁勋2小时演讲精华版|六大亮点| Blackwell GPU | DGX B200 | NVL72 | cuLitho | GROOT | Omniverse Cloud,https://www.youtube.com/watch?v=zBIddyiMXsU,2024-03-20
243,0J5Q7ISuuhc,【人物】OpenAI CEO Sam Altman最新专访 | 2小时精华版 | 罢免闹剧 | 马斯克诉讼 | Ilya | Sora | Q* | GPT-5 | AGI,https://www.youtube.com/watch?v=0J5Q7ISuuhc,2024-03-21
244,b4foYNq-qJ8,【英伟达】GTC2024圆桌论坛 | Transforming AI | 黄仁勋 | Transformer论文七名作者首聚 | 探讨Transformer的起源、现状与未来,https://www.youtube.com/watch?v=b4foYNq-qJ8,2024-03-22
245,cWUs1GhBx18,【人工智能】2024全球AI产品Top100报告 | A16Z | 五个趋势 | 22家新公司上榜 | AI伴侣崛起 | 网页榜 | 移动榜,https://www.youtube.com/watch?v=cWUs1GhBx18,2024-03-25
246,mhkVk3xUWMQ,【人工智能】人工智能的野性心智 | The Feral Mind Of Artificial Intelligence | 阿韦龙野人 | 语言与意识 | AI是否能产生心智 | 人类是否会被AI抛弃,https://www.youtube.com/watch?v=mhkVk3xUWMQ,2024-03-26
247,Ir5EFI_dc7Y,【人工智能】Mistral.AI CEO Arthur Mensch 访谈 | 强化学习不再重要 | 大模型的效率与规模 | 开源与商业化的平衡 | 全球化,https://www.youtube.com/watch?v=Ir5EFI_dc7Y,2024-03-27
248,pBs0IdumihI,【OpenAI】硅谷众多投资人怒喷Sam Altman | 造势大师 | 个人营销 | 渴望权利和影响力 | 上帝的使者 | AI帝国的野心 | 何时会走下神坛,https://www.youtube.com/watch?v=pBs0IdumihI,2024-03-28
249,c-Glym8F7Ik,【人工智能】Databricks发布最强开源大模型DBRX | 1320亿参数 | 16个混合专家MOE架构 | 整体性能超过GPT-3.5 | MosaicML | Jonathan Frankle,https://www.youtube.com/watch?v=c-Glym8F7Ik,2024-03-29
250,Y8Bp3IqQBLQ,【人工智能】AI发展的现状 | Andrej Karpathy | 红杉AI Ascent 2024围炉对话 | LLM OS | 马斯克的管理风格 | AI生态 | 强化学习还很弱 | 开源与AGI,https://www.youtube.com/watch?v=Y8Bp3IqQBLQ,2024-03-31
251,Jsk6fHuIwy4,【Nvidia】英伟达GTC财务分析师问答 | 英伟达究竟在卖什么 | 数据中心 | 软件 | 芯片 | 加速计算 | 生成式AI | Blackwell,https://www.youtube.com/watch?v=Jsk6fHuIwy4,2024-04-01
252,yNpIrBDcSdw,【人工智能】红杉AI Ascent 2024 | 人工智能的机遇 | 投资合伙人观点分享 | 软件取代服务 | 2024年关于AI的4大预测 | AI的长期影响,https://www.youtube.com/watch?v=yNpIrBDcSdw,2024-04-02
253,Up-jvRsrIGk,【人工智能】AI智能体工作流 | Agentic Reasoning | 吴恩达Andrew Ng | 红杉AI Ascent 2024分享 | Agent 4大设计模式,https://www.youtube.com/watch?v=Up-jvRsrIGk,2024-04-03
254,X4cXDN337aI,【人物】阿里巴巴现在是自食其果 | 蔡崇信最新商业访谈 | 阿里巴巴董事会主席 | 成长经历 | 阿里现状 | 中国经济 | 科技与AI | 地缘政治,https://www.youtube.com/watch?v=X4cXDN337aI,2024-04-04
255,OKDATzNIM9w,【SpaceX】马斯克最新公开火星登陆计划 | 20年内人类移民火星 | 每隔两年出发一次 | 星舰即将开启第四次飞行 | 月球基地Alpha,https://www.youtube.com/watch?v=OKDATzNIM9w,2024-04-10
256,KGQIeYv8qdw,Amazing!  These songs are all created by AI | Udio music | udio.com | Free to use,https://www.youtube.com/watch?v=KGQIeYv8qdw,2024-04-11
257,DFOBIE5Zmx0,【人工智能】AI芯片竞赛加速 |  Intel/AMD/Google同时发布新款  | Gaudi 3 | Versal 2代 | Axion | TPU v5p,https://www.youtube.com/watch?v=DFOBIE5Zmx0,2024-04-11
258,_0hziQoshn0,【人物】丹尼尔·卡尼曼 Daniel Kahneman | 诺贝尔经济学奖得主 | 启发性偏见 | 前景理论 | 框架效应 | 思考快与慢 | 噪声 | 行为经济学,https://www.youtube.com/watch?v=_0hziQoshn0,2024-04-12
259,aKpXjlsiEm4,【人工智能】Ai Pin产品体验大翻车 | 五大槽点 | 下一个iPhone还是Google Glass | Sam Altman投资 | Humane | 前苹果设计总监,https://www.youtube.com/watch?v=aKpXjlsiEm4,2024-04-14
260,PpZqf1EwFTs,【人工智能】AI和数字世界的下一步 | 凯文·凯利最新演讲 | 人类与AI的四种关系 | AI是否会取代我们 | 谁是第一批AI使用者 | AI与人类的感情羁绊,https://www.youtube.com/watch?v=PpZqf1EwFTs,2024-04-15
261,KgK27v0ccfs,【人工智能】Sora能否成为通往AGI的道路 | 项目作者Tim Brooks和Bill Peebles最新分享 | Scaling Law | 苦涩的教训 | 是否能模拟现实物理世界,https://www.youtube.com/watch?v=KgK27v0ccfs,2024-04-16
262,FuU9Kmd-FXE,【人工智能】500页AI指数报告精华内容解读 | 2024第七版 | 斯坦福人工智能研究所 | 十大洞察 | 开源与闭源对比 | 产业分布 | 国家竞争 | AI智能水平正在接近人类,https://www.youtube.com/watch?v=FuU9Kmd-FXE,2024-04-17
263,WtvOAWGahUQ,【人工智能】图灵奖得主Yoshua Bengio最新访谈 | 不应该只有Scaling Law | 深度学习三巨头 | 学术生涯  | 神经网络 | 系统2 | AI safety | 如何科学研究,https://www.youtube.com/watch?v=WtvOAWGahUQ,2024-04-18
264,oGFjrRRpAog,【波士顿动力】液压版Atlas告别舞台，电动版Atlas登上舞台 | 波士顿动力和Atlas的历史 | 液压驱动的优劣势 | 电动驱动的未来趋势,https://www.youtube.com/watch?v=oGFjrRRpAog,2024-04-19
265,KDk2_nWq5aI,【人工智能】Meta深夜发布Llama 3 | 同级最强开源模型 | 性能追赶闭源大模型 | 8B/70B两款参数模型 | 15T Token训练 | Meta AI,https://www.youtube.com/watch?v=KDk2_nWq5aI,2024-04-19
266,vxL86VlUL98,【人工智能】马克扎克伯格最新80分钟访谈精华版 | Llama 3 | AGI  | 开源 | Meta AI | 元宇宙Metaverse,https://www.youtube.com/watch?v=vxL86VlUL98,2024-04-20
267,kWfgbRoN2Ic,【人工智能】Agent的未来发展 | Harrison Chase最新播客访谈 | LangChain CEO | LangChain的发展历史 | AI Agent | 持续学习 | 个性化服务,https://www.youtube.com/watch?v=kWfgbRoN2Ic,2024-04-30
268,nJIVpB05eKY,【商业】创业公司如何找到产品市场契合点PMF | 红杉资本Arc活动分享 |  产品与客户之间的三种关系 | 如何选择路径 | 燃眉之急 | 铁的事实 | 未来愿景,https://www.youtube.com/watch?v=nJIVpB05eKY,2024-05-01
269,v1N3ID6Bf8o,【人工智能】宇宙是一台图灵机 | 纳瓦尔·拉维坎特最新活动访谈 | 自然语言计算无处不在 | AI与AGI | 创造力 | 认知论 | 哲学,https://www.youtube.com/watch?v=v1N3ID6Bf8o,2024-05-02
270,Ynk3inEePog,【人工智能】AI的可能性 | Sam Altman斯坦福ETL活动最新谈话 | 创业 | 非共识 | GPT-5 | 大模型迭代部署 | 计算人权 | AGI | AI霸权,https://www.youtube.com/watch?v=Ynk3inEePog,2024-05-03
271,P57luMT3RMA,【人工智能】哲学是开启AGI的钥匙 | 大卫·多伊奇 | 量子计算之父、艾萨克牛顿奖得主 | 创造力 | 计算通用性 | 意识 | 人格 | 宇宙回形针 | 哲学,https://www.youtube.com/watch?v=P57luMT3RMA,2024-05-04
272,tzgBEyAbnK0,【商业】沃伦巴菲特2024股东会问答精华版 | 58年4万倍回报 | 减持苹果股票 | 不会投资中国 | 警惕人工智能 | 大量现金储备 | 追忆查理芒格,https://www.youtube.com/watch?v=tzgBEyAbnK0,2024-05-06
273,QSHLi3N2JTM,【人物】无知无畏是创业的超能力 | 黄仁勋TieCon 2024最新炉边对话 | 平凡的创业过程 | 失败教训 | 加速计算 | 第一性原理,https://www.youtube.com/watch?v=QSHLi3N2JTM,2024-05-08
274,pYbJS1MeMjE,【人工智能】Google发布AlphaFold 3 | 可预测所有生命分子组合 | 准确性提高100% | AlphaFold Server | DeepMind | Isomorphic Labs,https://www.youtube.com/watch?v=pYbJS1MeMjE,2024-05-09
275,U5ba6eGYwLw,【分享】中国数学的现状与未来 | 丘成桐 | 与世界水平相差近百年 | 世界数学历史发展 | 大师匮乏 | 学术环境过于物质 | 科学的基本精神,https://www.youtube.com/watch?v=U5ba6eGYwLw,2024-05-09
276,q7yzEN_p_Mg,【人工智能】AI能取代科学家解决科学问题么 | Stephen Wolfram | AI预测还很糟糕 | 科学也是一种数据压缩 | 计算不可约性 | 如何发现有趣,https://www.youtube.com/watch?v=q7yzEN_p_Mg,2024-05-11
277,jazhH9Rfnh8,【人工智能】AI如何推动科学的变革 | 普什梅特·科利 & 维杰·潘德 | a16z播客对话 | AlphaFold的发展历程 | 结构生物学 | 临床研究 | DeepMind | 科学范式的转变,https://www.youtube.com/watch?v=jazhH9Rfnh8,2024-05-13
278,FxsT3bUHoP8,【人工智能】OpenAI发布最新模型GPT-4o | 最强多模态语音助手 | 全员免费使用 | MacOS版APP | 增强图文能力 | 怼脸开大Google,https://www.youtube.com/watch?v=FxsT3bUHoP8,2024-05-14
279,XngK_TEgI50,【人工智能】2024 Google I/O大会 | 20+新产品和更新 | Gemini 1.5 pro | Gemma 2 | Project Astra | 第六代TPU | Veo | AI搜索,https://www.youtube.com/watch?v=XngK_TEgI50,2024-05-15
280,FTh-c2ek6PU,【GPU】如何两周内零经验手搓一个GPU | 美国工程师极限挑战 | 重写三次 |  CUDA | SIMD | ISA指令集 | Verilog | OpenLane,https://www.youtube.com/watch?v=FTh-c2ek6PU,2024-05-16
281,2Sa0hNJtA6w,【OpenAI】春季发布会后Sam Altman首次专访 | GPT-4o的背后 | 迭代发布 | GPT-5 | AGI | AI创业方向 | 非线性发展 | AI监管与风险 | 人类与AI,https://www.youtube.com/watch?v=2Sa0hNJtA6w,2024-05-17
282,wiFkbww_H-g,【OpenAI】OpenAI超级对齐团队解散，GPT还安全么 | Ilya Sutskever & Jan Leike离职 | Superalignment,https://www.youtube.com/watch?v=wiFkbww_H-g,2024-05-18
283,WV16tG3ktbU,【人工智能】AI会吞噬所有软件 | Databricks CEO 阿里·戈德西最新访谈 | 数据的重力 | Spark | MosaicML | Data Lakehouse | 企业级模型,https://www.youtube.com/watch?v=WV16tG3ktbU,2024-05-21
284,mG31I9mfVLU,【人工智能】直觉的力量 | 杰弗里辛顿最新对话 | Sana AI峰会 | 回忆AI生涯 | Ilya的能力和直觉 | 缩放法则 | 多模态 | 语言与认知 | 神经网络 | AI情感 | 反向传播,https://www.youtube.com/watch?v=mG31I9mfVLU,2024-05-22
285,JPP5R8kV-wE,【人工智能】以人为本的人工智能 | 李飞飞最新对话 | AI威胁论 | AI的最终目的是造福人类 | 是否会取代工作 | 人类的选择 | 人文关怀,https://www.youtube.com/watch?v=JPP5R8kV-wE,2024-05-23
286,nQMk37vJE68,【分享】中文互联网正在加速崩塌 | 历史信息的消亡 | 是否还有挽救方法 | 究竟什么原因造成,https://www.youtube.com/watch?v=nQMk37vJE68,2024-05-24
287,MTjPNWdv2qk,【人工智能】柏拉图表征假说 | 不同模型趋向于同一现实表征 | Ilya点赞 | AI对现实的认知 | 表征对齐 | 模型拼接 | 柏拉图的山洞寓言,https://www.youtube.com/watch?v=MTjPNWdv2qk,2024-05-26
288,nD-9oiEHxKY,【人工智能】2027年将会实现AGI | 约翰·舒尔曼最新访谈 | OpenAI联合创始人&首席架构师 | 大模型训练 | RLHF | 技术瓶颈 | 模型蒸馏 | AI监管,https://www.youtube.com/watch?v=nD-9oiEHxKY,2024-05-27
289,UywooPUfyGg,【人工智能】大语言模型评估基准七宗罪 | Jason Wei | 思维链作CoT作者 | 成功与否的标准 | 评估基准的七个错误 | 面临的挑战 | 测试集污染,https://www.youtube.com/watch?v=UywooPUfyGg,2024-05-28
290,8b83zDnJaA4,【人工智能】AI将会带来软件民主化 | Scott Wu | Cognition创始人&CEO | 三块IOI金牌得主 | Devin AI | 工程师效率5倍提升 | Coding Agent的未来,https://www.youtube.com/watch?v=8b83zDnJaA4,2024-05-29
291,qcIv4VsN27w,【人工智能】互联网”种树“，大模型”包林“ | 杨植麟 | 月之暗面CEO | 第一性原理 | 摩尔定律 | Scaling Law | AI发展的挑战 | 创业经验,https://www.youtube.com/watch?v=qcIv4VsN27w,2024-05-30
292,niIKQuV2Hcs,【人工智能】博弈论如何改进大模型性能 | MIT最新论文 | 共识博弈 | 集成博弈 | 纳什均衡 | Meta Cicero,https://www.youtube.com/watch?v=niIKQuV2Hcs,2024-05-31
293,ESidt5feYHw,【OpenAI】为何解雇Sam Altman | 前OpenAI董事会成Helen Toner爆料OpenAI宫斗内幕 | 不知ChatGPT发布  | AI治理与监管 | AI诈骗 | AI未来,https://www.youtube.com/watch?v=ESidt5feYHw,2024-06-02
294,xeMvWRXQns8,【人工智能】科技巨头联合成立UALink对抗英伟达 | 能否取代NVLink打破垄断地位 | 第二次围剿英伟达 | 超级以太网联盟UEC | Infiniband | Infinity Fabric,https://www.youtube.com/watch?v=xeMvWRXQns8,2024-06-03
295,V8smF60uPa0,【人工智能】英伟达发布连续三款芯片计划，试图打破摩尔定律 | 黄仁勋ComputeX 2024台北演讲 | Blackwell | AI机器人时代 | 加速计算,https://www.youtube.com/watch?v=V8smF60uPa0,2024-06-05
296,cHYKbVP1GTQ,【人工智能】记忆、想象与AI | 查兰·兰加纳特 | 心理学与神经科学家 | 人脑如何记忆 | 内部模型 | 稳定可塑性难题 | 想象力的由来 | AI内容传播 | 脑机接口BCI,https://www.youtube.com/watch?v=cHYKbVP1GTQ,2024-06-08
297,VyN5jpsPyUg,【人工智能】数据，人工智能的基石 | 亚历山大·王 | Scale.AI创始人兼CEO | 19岁MIT辍学 | 估值138亿美元 | 人类为AI贡献数据 | 边际数据匮乏 | 企业专有数据丰富,https://www.youtube.com/watch?v=VyN5jpsPyUg,2024-06-09
298,Ugyjh_swpf0,【Apple】苹果智能Apple Intelligence发布 |  WWDC 2024精彩内容回顾 | Siri 2.0 | 私密云计算 | Genmoji | 引入ChatGPT,https://www.youtube.com/watch?v=Ugyjh_swpf0,2024-06-12
299,CJoqpCm7qsQ,【人工智能】AGI毁灭人类可能性99.9999% | 罗曼·扬波尔斯基 | 计算机科学家 | 诡谲转向 | 存在性风险 | 折磨风险 | Ikigai风险,https://www.youtube.com/watch?v=CJoqpCm7qsQ,2024-06-13
300,qlAnvGe5Ozg,【人工智能】AGI能够理解人类伦理么 | 谢恩.莱格 | DeepMind首席人工智能科学家 | AGI的定义 | 2028年可能到来 | 情景记忆 | 宪法AI | 伦理对齐,https://www.youtube.com/watch?v=qlAnvGe5Ozg,2024-06-13
301,VG81wsqIVGE,【人工智能】AI模型开源和闭源之争 | 亚瑟.曼彻 | Mistral.AI CEO | OpenAI的负面影响 | 社区合作 | 信息流动 | 理想追求 | 安全性 | 技术垄断,https://www.youtube.com/watch?v=VG81wsqIVGE,2024-06-14
302,HyhNSVejVp8,【人工智能】开发AI可能获刑？加州1047草案是什么鬼？| 32比1通过 | 模型评估和监管 | 积极安全判定 | 开源闭源模型均受影响 | 炒作还是来真的？,https://www.youtube.com/watch?v=HyhNSVejVp8,2024-06-15
303,WlPfexi3NJs,【Robot】机器人的未来是什么 | 马克·雷伯特访谈 | 波士顿动力创始人兼前CEO | 机器人不要追求完美 | 认知智能 | 运动智能 | 电动版Atlas 2.0 | 机器人未来发展,https://www.youtube.com/watch?v=WlPfexi3NJs,2024-06-16
304,UyrM_H4FsuQ,【人工智能】英伟达发布Nemotron-4 340B通用模型 | 专为生成合成数据设计 | 三个版本 | 性能超越GPT-4/Mixtral/Llama3 | NeMo | TensorRT-LLM,https://www.youtube.com/watch?v=UyrM_H4FsuQ,2024-06-16
305,XuwRcg362dA,【Tesla】Elon Musk讨薪风波始末 | 世界首富险被小股东坑惨 | 560亿终于收归囊中 | 2024特斯拉股东大会 | 全体股东投票 | 机器人市场25万亿 | Optimus每年赚1万亿,https://www.youtube.com/watch?v=XuwRcg362dA,2024-06-17
306,IkM5N1TV04k,【人工智能】LLM的昨天、今天和明天 | 托马斯·夏洛姆 | Llama 2/3作者 | SFT | RLHF的魔力 | GPT | Chinchilla | Scaling Law | 未来发展,https://www.youtube.com/watch?v=IkM5N1TV04k,2024-06-18
307,wmnhzCwsG60,【AIGC】Runway发布最新文生视频模型Gen-3 Alpha | 90秒内生成10秒视频 | 细颗粒度时间控制 | 逼真人类角色 | 多样艺术风格 | 动作笔刷 | 高级摄像机控制 | 导演模式,https://www.youtube.com/watch?v=wmnhzCwsG60,2024-06-19
308,hvaUYc8a8PE,【人工智能】AI的安全应该由谁来保障 | Sam Altman和Geoffrey Hinton观点激辩 | 2024年人工智能向善全球峰会 | AI监管 | AI风险,https://www.youtube.com/watch?v=hvaUYc8a8PE,2024-06-20
309,vGiiNDUwolM,【商业】AI创业公司如何挣到钱 | 艾丹·戈麦斯 | Cohere CEO | 重视市场 | 差异化战略 | 企业级AI | 冷静和务实 | 行业泡沫,https://www.youtube.com/watch?v=vGiiNDUwolM,2024-06-21
310,c1RVrGv7708,【人工智能】Anthropic发布Claude 3.5 Sonnet | 性能超越GPT-4o | Claude 3 Opus两倍 | 代码、视觉能力大幅增强 | 新功能Artifacts,https://www.youtube.com/watch?v=c1RVrGv7708,2024-06-21
311,BmYvhn3pgD4,【人工智能】美国众议院通过ENFORCE ACT草案 | 禁止中国人在美从事AI/ML行业? | ECRA出口管制 | 新兴和基础技术 | BIS | 科技巨头反应如何 | AI冷战,https://www.youtube.com/watch?v=BmYvhn3pgD4,2024-06-22
312,rlk0Ci7t7pY,【人工智能】GPT-5还要多久？AI一年半后可达人类博士水平 | Mira Murati | OpenAI CTO | 达特茅斯学院对谈  | AI自主行动 | AI安全 | 版权争议和虚假信息,https://www.youtube.com/watch?v=rlk0Ci7t7pY,2024-06-23
313,tqI7A7tLXb0,【人工智能】大语言模型需要更好的视觉基础来理解含义 | 谢赛宁 | DiT作者 | 多模态语言模型的视觉缺陷 | 基于视觉搜索引导的多模态大模型 | GPT-4V | CLIP | SEAL,https://www.youtube.com/watch?v=tqI7A7tLXb0,2024-06-24
314,_k_d6G3DXow,【OpenAI的崛起】第一部《权利的游戏》| Bloomberg播客系列节目 | Sam Altman的成长历程 | Loopt | YC | 走向权利之路,https://www.youtube.com/watch?v=_k_d6G3DXow,2024-06-25
315,ClqmfwPPOYk,【人工智能】AI 是个技术活，也是个艺术活 | Daniel Gross&Nat Friedman | AI Grant创始人 | 需要开创性的用户界面和产品体验 | AI产品突破 | 苹果Apple,https://www.youtube.com/watch?v=ClqmfwPPOYk,2024-06-26
316,K5W3D7MiZzY,【人工智能】《Wired》杂志硬刚PerplexityAI | 指控剽窃内容和胡说八道 | 爬虫不遵守robots协议 | 大模型幻觉编造内容 | AI搜索引擎能否撬开既有市场,https://www.youtube.com/watch?v=K5W3D7MiZzY,2024-06-27
317,P0F3btDRJnY,【科技】人脑计算机Neuroplatform | 缸中之脑是否将成为现实 | FinalSpark | 湿件计算 | 类器官智能 | 神经细胞体外存活 | 超越硅基AI的终极智能,https://www.youtube.com/watch?v=P0F3btDRJnY,2024-06-28
318,96xtN60dLds,【人工智能】Etched AI推出ASIC芯片sohu挑战英伟达 | 三个哈佛辍学00后 | 融资1.2亿美元 | 推理速度比H100快20倍 | Transformer专用ASIC芯片,https://www.youtube.com/watch?v=96xtN60dLds,2024-06-29
319,kbjYAa6pqFs,【人工智能】Google推出开源模型Gemma 2 | 9B和27B版本 | 性能大幅提升 | 免费可商用 | 全新训练架构 | 训练数据量翻倍 | 知识蒸馏,https://www.youtube.com/watch?v=kbjYAa6pqFs,2024-06-30
320,JwSrR_v6d-0,【都市传说】乖乖之神如何保佑台湾AI行业 | 台湾著名零食 | IT、半导体行业的保护神 | 三种口味如何上贡 | 造句包 | 跨界联名,https://www.youtube.com/watch?v=JwSrR_v6d-0,2024-07-02
321,aey0qZzJg-Q,【人工智能】如何搭建10万个H100的GPU集群 | 40亿美元成本| 电力150兆瓦 | 并行化挑战 | 网络拓扑结构 | 可靠性与恢复 | 成本优化,https://www.youtube.com/watch?v=aey0qZzJg-Q,2024-07-03
322,V3pv0le0cy8,【回答】Etched Sohu和Groq LPU的区别 | Transformer ASIC | TSP LPU | 主打推理场景,https://www.youtube.com/watch?v=V3pv0le0cy8,2024-07-04
323,dnzuB3q3Z6c,【人工智能】AI墓地—738个死亡AI项目留下的启示 | AI项目死亡的两大原因 | 什么样的AI初创公司有机会存活下来 | AI企业的护城河 | Neeva | AnswerAI | VidyoAI,https://www.youtube.com/watch?v=dnzuB3q3Z6c,2024-07-04
324,cBKP9uB8i4A,【人工智能】AI行业不是一场零和博弈 | Mustafa Suleyman | 微软AI CEO最新访谈 | Ilya是AI吹哨人 | 微软与OpenAI的关系 | 政府AI监管 | 人类重要历史转折,https://www.youtube.com/watch?v=cBKP9uB8i4A,2024-07-05
325,m7jT7BhCTYo,【人工智能】OpenAI发布CriticGPT | 让GPT-4给自己改bug | 基于RLHF训练 | 强制采样束搜索FSBS | 幻觉困扰依然存在,https://www.youtube.com/watch?v=m7jT7BhCTYo,2024-07-06
326,dtACMG-aFWA,【OpenAI的崛起】第二部《梦想的转变》 | Bloomberg播客系列节目 | OpenAI混乱而理想主义的早期 | Ilya对AGI的预见 | 马斯克出局 | 第一次内斗,https://www.youtube.com/watch?v=dtACMG-aFWA,2024-07-07
327,bOlVx5zeHLM,【重制版】【人工智能】万字通俗讲解大语言模型内部运行原理 | LLM | 词向量 | Transformer | 注意力机制 | 前馈网络 | 反向传播 | 心智理论,https://www.youtube.com/watch?v=bOlVx5zeHLM,2024-07-08
328,EeVkgwRTHkY,【科技】无创测血糖真的靠谱么？| 堪比登月难度的科学研究 | 长达半个世纪的科学谣言 | 谷歌苹果三星华为纷纷入局 | 各种手段为何测不准血糖,https://www.youtube.com/watch?v=EeVkgwRTHkY,2024-07-09
329,MwkFITdc-ws,【人工智能】Solos发布全球首款集成GPT-4o智能眼镜AirGo Vision | 多模态视觉搜索 | 可更换镜框 | 25种语言实时翻译 | 能否挑战Meta Ray-Ban | AI眼镜的未来,https://www.youtube.com/watch?v=MwkFITdc-ws,2024-07-10
330,ZxCPBUdBTMY,【商业】中国”英伟达“300亿芯片骗局 | *ST左江 | 十七年未售一张芯片 | 财务造假 | 关联交易 | 券商违规推荐 | 退市 | DPU | 卡脖子,https://www.youtube.com/watch?v=ZxCPBUdBTMY,2024-07-11
331,pGTxUIY3kEw,【人工智能】Meta CEO 扎克伯格最新访谈 | 智能眼镜的未来 | AI技术不是造神 | 社交媒体的两大趋势 | Meta AI Studio | 神经腕带 | Ray-Ban,https://www.youtube.com/watch?v=pGTxUIY3kEw,2024-07-12
332,vXI5JfZqDF4,【Samsung】三星AI产品发布会精彩回顾 | Galaxy AI | Gemini |  Fold6 | Flip6 | Ring | Watch Ultra | Buds3 Pro | 对标苹果,https://www.youtube.com/watch?v=vXI5JfZqDF4,2024-07-13
333,AlJdNDWCP8A,【人工智能】语言究竟是一种交流工具还是思考工具 | MIT论文解读 | 颠覆大语言模型 | 语言和思想之争 | 失语症 | 聋哑儿童,https://www.youtube.com/watch?v=AlJdNDWCP8A,2024-07-14
334,2OQ5rdwvDeE,【商业】CIA亲手教学：如何不被人发现地搞垮一家创业公司 | 简单破坏现场手册 | 只需四步 | 破坏创业公司生产力,https://www.youtube.com/watch?v=2OQ5rdwvDeE,2024-07-15
335,_UWxAIldem4,【人工智能】最新大模型架构TTT | Test-Time Training | 测试时间训练层 | 用机器模型代替RNN隐藏层 | 能否超越Transformer和Mamba | 五年想法终成真,https://www.youtube.com/watch?v=_UWxAIldem4,2024-07-16
336,qB1uWRL-bPI,【人工智能】手搓复现GPT-2最初完整版本 | Andrej Karpathy | 8张H100训练24小时 | 成本仅672美元 | llm.c | C/CUDA | AI成本会下降么,https://www.youtube.com/watch?v=qB1uWRL-bPI,2024-07-17
337,K5dA0PWR-eE,【人工智能】为什么要放弃LangChain | Fabian Both | Octomind资深工程师 | 过度抽象 | 嵌套抽象 | 从生产力工具到阻碍 | 如何开发大模型应用 | 构建基本块,https://www.youtube.com/watch?v=K5dA0PWR-eE,2024-07-18
338,R3PEVuKyB3Q,【人工智能】OpenAI发布最新小模型GPT-4o mini | 取代GPT-3.5 | 性能超GPT-4 | 价格下降60% | Mistral发布小模型NeMo | 超越Mistral 7B,https://www.youtube.com/watch?v=R3PEVuKyB3Q,2024-07-19
339,YM3NAyp1FpE,【OpenAI的崛起】第三部《双面的人生》 | Bloomberg播客系列节目 | OpenAI的内部分歧 | 奥特曼的双面人生 | 安妮·奥特曼的凄惨生活 | Anthropic的成立,https://www.youtube.com/watch?v=YM3NAyp1FpE,2024-07-20
340,m4K_dvselsk,【脑机接口】Neuralink首款产品Telepathy | 仅用意念即可控制手机电脑 | 首位受试者体验良好 | 气穴问题 | 未来方向 | Blindsight | Optimus | BCI,https://www.youtube.com/watch?v=m4K_dvselsk,2024-07-21
341,C4OwqcR_bJk,【科学】意识从何而来 | 六大神经理论的多尺度整合观 | Neuron刊文 | 脑神经科学 | 意识理论是否也能大一统 | 神经元 | 前馈网络 | 循环网络 | 注意力,https://www.youtube.com/watch?v=C4OwqcR_bJk,2024-07-22
342,mTzmOJdHFMs,【安全】Google拟斥资230亿美元收购云安全公司Wiz | 史上最大收购案 | 最快达到1亿ARR | AI云安全 | 六轮融资120亿估值 | 与AWS/Azure竞争 | Wiz寻求IPO,https://www.youtube.com/watch?v=mTzmOJdHFMs,2024-07-23
343,nAezWjJ-TmQ,【人工智能】大语言模型的外在幻觉 | Lilian Weng | OpenAI安全团队负责人 | 万字博客长文 | 详细梳理24篇研究成果 | 如何理解、检测到克服外在幻觉,https://www.youtube.com/watch?v=nAezWjJ-TmQ,2024-07-24
344,tDeB95rXfWM,【人工智能】Meta发布Llama 3.1 405B模型 | 开源与闭源模型一战 | 128k上下文 | 16000块H100训练 | Llama Guard 3 | Prompt Guard,https://www.youtube.com/watch?v=tDeB95rXfWM,2024-07-25
345,w8WaV6P_kuo,【安全】CrowdStrike引发全球微软系统大宕机 | 超过850万台电脑受影响 | 马斯克怒喷要火烧机房 | 网络安全公司究竟安不安全 | CEO竟然还是累犯,https://www.youtube.com/watch?v=w8WaV6P_kuo,2024-07-26
346,NANwX1Ouee0,【人工智能】Mistral AI发布最新大模型Mistral Large 2 | 123B参数 | 数十种语言增强 | 代码编写 | 函数调用 | 幻觉减少,https://www.youtube.com/watch?v=NANwX1Ouee0,2024-07-27
347,g5j7s8wKEas,【商业】特朗普遇刺图片为何版权为视觉中国 | 臭名昭著的版权流氓 | 国旗国徽事件 | 钓鱼销售 | 百联优力 | Getty Images | 美国石油大亨家族,https://www.youtube.com/watch?v=g5j7s8wKEas,2024-07-28
348,BGpUiQhmP4I,【人工智能】马斯克建成Memphis AI超级计算中心 | 10万块H100 GPU集群 | 准备训练Grok 3 | 采访罕见公开儿子变性事实 | 向左翼言论宣战,https://www.youtube.com/watch?v=BGpUiQhmP4I,2024-07-29
349,iObjU6JOEL8,【人工智能】Luma AI为何从Nerf转向视频生成领域 | 首席科学家Jiaming Song最新访谈 | Dream Machine只是4D生成的副产品 | 扩散模型如何实现Scaling Law,https://www.youtube.com/watch?v=iObjU6JOEL8,2024-07-30
350,tvd2jFMxgpU,【人工智能】英伟达将推出新中国特供版芯片B20 | 美国出口管制或将升级 | H20或将禁售 | 性能进一步阉割 | 不愿放弃中国市场 | 没有芯片如何发展AI,https://www.youtube.com/watch?v=tvd2jFMxgpU,2024-07-31
351,LEUCdL5X25M,【人工智能】Meta发布最新图形分割模型SAM 2 | Segment Anything 2 | 视频对象也可实时分割 | 性能大幅提升 | 发布最大视频分割数据集SA-V | 抠图卷出新高度,https://www.youtube.com/watch?v=LEUCdL5X25M,2024-08-01
352,zcYMNUq-Z7k,【人工智能】Nvidia黄仁勋对话Meta扎克伯格 | AI和下一代计算平台 | SIGGRAPH 2024最新对谈 | AI开源 | SAM2 | Agent发展 | 软件3.0时代,https://www.youtube.com/watch?v=zcYMNUq-Z7k,2024-08-02
353,SLOUHnvKYBI,【人工智能】使用递归合成数据训练AI模型会崩溃？| 《Nature》封面论文解读 | 模型退化 | 误差来源 | 困惑度样本 | AI数据污染 | 能否突破数据荒,https://www.youtube.com/watch?v=SLOUHnvKYBI,2024-08-03
354,zEwshL84SLs,【人工智能】DeepMind发布Gemma 2 2B模型 | 最强端侧模型 | 模型蒸馏 | 安全分类器ShieldGemma | Gemma Scope | 稀疏自编码器SAE,https://www.youtube.com/watch?v=zEwshL84SLs,2024-08-04
355,fjSRekuRSZ8,【开源】Github爆出惊天安全漏洞 | 删除的仓库竟可以永远访问 | CFOR | 暴力破解SHA-1哈希 | 到底是feature还是bug | Git | Truffle Security,https://www.youtube.com/watch?v=fjSRekuRSZ8,2024-08-05
356,W1XPyQa_cC0,【人工智能】Llama 3.1 92页技术报告详细解读 | 为何选择405B | 24000块H100集群 |  网络拓扑结构 | 预训练 | 数据混合和退火 | 后训练 | SFT | DPO,https://www.youtube.com/watch?v=W1XPyQa_cC0,2024-08-06
357,UJpfzxmMnZg,【人工智能】FigureAI发布第二代人形机器人Figure 02 | 推理能力比一代强三倍 | 可与人类实时对话 | 躯干电机全部升级 | OpenAI专用模型 | 具身智能新突破,https://www.youtube.com/watch?v=UJpfzxmMnZg,2024-08-07
358,d7ppZF0cALg,【人工智能】AI资本泡沫要来了么 | Coatue EMW 2024会议摘要 | 美国七大科技股闪崩 | 七次科技浪潮 | AI是资本泡沫还是科技救星 | AI军备竞赛,https://www.youtube.com/watch?v=d7ppZF0cALg,2024-08-08
359,uhHdz_aI-mo,【人工智能】Tenstorrent能否挑战HBM市场垄断地位 | 硅仙人Jim Keller | DRAM | Blackwell GPU | Groq | 3D DRAM | Neo半导体,https://www.youtube.com/watch?v=uhHdz_aI-mo,2024-08-09
360,e2guaXM1QWc,【商业】Intel史诗级大裁员波及1.5万名员工 | CEO发文致歉 | 复兴之路为何失败 | 大兴投资 | 客户流失 | Meteor Lake良率太低 | 强制超频 |,https://www.youtube.com/watch?v=e2guaXM1QWc,2024-08-10
361,TgHoPz1oLiY,【人工智能】英伟达Blackwell要延迟交付，究竟出了什么问题 | 台积电COWOS-L产能受限 | 英伟达服务器散热设计缺陷 | 水冷漏液问题 | 如何兼容激进的技术更迭和产品可靠性,https://www.youtube.com/watch?v=TgHoPz1oLiY,2024-08-11
362,qtUnBOYVtS0,【访谈】NeuraLink第二例手术再获成功 | Elon Musk团队八小时最新访谈精华版 | Neuralink高管详解技术 | xAI和Grok发展 | 马斯克管理的五步咒语,https://www.youtube.com/watch?v=qtUnBOYVtS0,2024-08-12
363,RH-IdE9udMc,【人工智能】Ilya Sutskever 2023伯克利大学演讲回顾 | 无监督学习的数学依据 | GPT的核心原理 | 压缩即预测 | 柯氏复杂度 | 形式压缩与内容压缩 | 条件建模到序列建模,https://www.youtube.com/watch?v=RH-IdE9udMc,2024-08-13
364,olGX_BUzB3Q,【安全】下次全球宕机事件会何时发生 | CrowdStrike 蓝屏事件12页RCA分析 | 参数数量不匹配导致数组越界 | 通配符正则匹配 | 测试生产流程漏洞,https://www.youtube.com/watch?v=olGX_BUzB3Q,2024-08-14
365,5gDrGItwDg4,【人工智能】AI未来发展的核心支柱 | 钢铁、服务器、能源 | David Cahn红杉美国合伙人 | 数据中心 | 基建效率 | 现金牛 | 房地产 | 资产负债表外融资,https://www.youtube.com/watch?v=5gDrGItwDg4,2024-08-15
366,yCSY5pnOGGM,【Google】谷歌发布最新AI产品Gemini Live | Pixel 9 系列手机 | Made By Google 2024内容回顾 | 十余个AI功能 | 最新Tensor G4芯片,https://www.youtube.com/watch?v=yCSY5pnOGGM,2024-08-16
367,Px24H-YP4DI,【人工智能】xAI发布最新大模型Grok-2和Grok-2 mini | 性能可比GPT-4o | 马斯克一雪前耻 | 集成Flux图像生成无审核 | 整合x.com平台 | 预计年底发布Grok-3,https://www.youtube.com/watch?v=Px24H-YP4DI,2024-08-17
368,UeXaudLT23w,【人工智能】谷歌前CEO爆料AI行业内幕真相 | 埃里克·施密特斯坦福大学演讲 | 英伟达继续垄断 | 批评谷歌不够卷 | 开源不赚钱 | AGI实现还早 | 富国间的AI游戏 | AI与战争,https://www.youtube.com/watch?v=UeXaudLT23w,2024-08-18
369,tgCFUKDlhzc,【人工智能】太吓人！GPT-4o语音功能莫名发出尖叫 | OpenAI发布红队报告 | 模仿用户声音说话 | 未经授权的语音生成 | 版权风险 | 语音推断 | AI伴侣 | 语言功能全面开放遇阻,https://www.youtube.com/watch?v=tgCFUKDlhzc,2024-08-19
370,GTN3B_JA8e0,【Google】谷歌被判垄断或面临拆分 | 美科技史上最大反垄断案 | 286页裁决报告 | 200亿买断苹果默认搜索引擎 | 定价旋钮 | 缺少竞争对手 | AI搜索引擎,https://www.youtube.com/watch?v=GTN3B_JA8e0,2024-08-21
371,eHVKrsoQSWI,【人工智能】全球火爆游戏《黑神话·悟空》背后都有哪些AI技术支持 | 英伟达全景光线追踪技术 | DLSS 3.5 | 帧生成 | 光流加速 | 可自由对话和行动的AI NPC,https://www.youtube.com/watch?v=eHVKrsoQSWI,2024-08-22
372,CDwZs8jZmWg,【人工智能】智元机器人发布第二代远征机器人 | 稚晖君 | 远征A2系列 | 模块化机器人灵犀X1 | AgentOS | AimRT | 具身智能G1-G5 | 数据采集AIDEA,https://www.youtube.com/watch?v=CDwZs8jZmWg,2024-08-23
373,67kxyamgi28,【人工智能】吴恩达Andrew Ng与Ark Invest八月最新访谈 | 看好Agentic Workflow | AI发展远没到瓶颈 | 训练和推理成本将大幅下降 | 开源比闭源优势更大,https://www.youtube.com/watch?v=67kxyamgi28,2024-08-24
374,6gN6p-Iw_x4,【Tesla】FSD V12发展历史介绍 | 自动驾驶基本概念 | SAE L0-L5级别 | 模块化设计 | 端到端设计 | HydraNet九头蛇算法 | BEV | Occupancy,https://www.youtube.com/watch?v=6gN6p-Iw_x4,2024-08-25
375,-nMJxiTNTEY,【商业】AMD豪掷49亿美元收购ZT Systems | 全球最大GPU服务器供应商 | 保留服务器制造业务 | 目标是1100名系统工程师 | Silo AI | AMD是否能弯道超车,https://www.youtube.com/watch?v=-nMJxiTNTEY,2024-08-26
376,jSp6YnSOzKc,【人工智能】AI如何帮助神经科学理解人类大脑 | 神经系统理解Neural Systems Understanding | 神经网络 | 祖母神经元 | 海马体 | 生态有效实验 | 智能不仅限于人类,https://www.youtube.com/watch?v=jSp6YnSOzKc,2024-08-27
377,mNgQvKF-ndg,【分享】我们的生活目标 | Steve Jobs 1983年阿斯彭演讲 | 计算机的未来 | 程序的本质 | 互联网和人工智能的出现 | Google Map | Macbook | 个性化推荐,https://www.youtube.com/watch?v=mNgQvKF-ndg,2024-08-28
378,cspJn65zk5c,【访谈】Telegram创始人帕维尔·杜罗夫7年来首次访谈 | 为何在法国被捕 | 成长经历 | 社交网站VK | 俄罗斯驱逐 | FBI调查 | 落户迪拜 | 自由价值观 |  加密与政治化,https://www.youtube.com/watch?v=cspJn65zk5c,2024-08-29
379,P7g6tFDw70c,【技术】Google搜索引擎排名内幕大揭秘 | 数千页内部文档泄露 | 还原完整系统架构 | 什么对搜索结果排名才最重要 | 内容优化到点击优化 | Twiddler | Navboost | SEO,https://www.youtube.com/watch?v=P7g6tFDw70c,2024-08-30
380,1_EdCjZJjxo,【Apple】苹果2024秋季发布会最新爆料信息 | iPhone 16系列手机 | 摄像头升级 | 操作按钮  | AI Siri | AirPods | Apple Watch,https://www.youtube.com/watch?v=1_EdCjZJjxo,2024-08-31
381,vDISNQueaWo,【人工智能】Cohere CEO Aiden Gomez 20VC最新访谈 | 缩放法则依然有效 | 数据和算法创新 | 让大模型学会慢思考 | 只卖模型终将零利润 | 基于语音的交互重构,https://www.youtube.com/watch?v=vDISNQueaWo,2024-09-01
382,o2zMiwoW5kU,【人工智能】李沐上海交通大学演讲回顾 | 大语言模型的现状和未来 | 算力、数据和算法 | 多模态 | AI应用 | 通用与垂直模型 | 创业心得 | 动机和自我提升,https://www.youtube.com/watch?v=o2zMiwoW5kU,2024-09-02
383,e4DWiagAQf8,【商业】英伟达Nvidia 2025第二季度财报发布 | 为何业绩超预期股价依然大跌 | Blackwell是否会延迟交付 | H100继续热销 | 科技巨头持续投入 | 市场预期过高,https://www.youtube.com/watch?v=e4DWiagAQf8,2024-09-03
384,gDM0PaARFOQ,【人工智能】可发表顶会论文的AI科学家出现了 | Sakana AI/Oxford/UBC联合研究 | 自主科研 | 迭代实验 | 撰写论文 | 自动审稿 | 一篇论文成本仅15美元,https://www.youtube.com/watch?v=gDM0PaARFOQ,2024-09-04
385,VniPJII6ak0,【人工智能】谷歌DeepMind发表GameNGen | AI实时生成经典游戏《Doom》 | 单TPU每秒可达20帧 | 第一个完全由神经网络驱动的游戏引擎 | 扩散模型 | 以假乱真 | 游戏开发,https://www.youtube.com/watch?v=VniPJII6ak0,2024-09-05
386,CAu40Y2D-kc,【人工智能】AI企业可能会被国有化么 | Anthropic创始人Dario Amodei最新访谈 | AI公司护城河 | AI会让人类变得更贫穷么 | SB 1047号法案 | 震慑机制,https://www.youtube.com/watch?v=CAu40Y2D-kc,2024-09-06
387,rTVDfZftrrU,【人工智能】AI IDE Cursor再次爆火全球 | 八岁零编程基础少年也可制作程序 | 卡帕西亲自站台 | 背靠Claude Sonnet强大能力 | Cursor Tab | 创始团队及创业愿景,https://www.youtube.com/watch?v=rTVDfZftrrU,2024-09-07
388,vN3kTYQ4bmU,【人工智能】什么样的机器才会产生意识 | Anil Seth | 认知和计算神经科学家 | 计算功能主义 | 忒休斯悖论 | 生物自然主义 | 预测和控制 | 凡人计算,https://www.youtube.com/watch?v=vN3kTYQ4bmU,2024-09-07
389,gEMBPZaBZ9Y,【闲聊】《黑神话·悟空》背后的佛学义理 | 游戏剧情如何贯穿佛法 | 天命人究竟能否复活大圣 | 六根六尘六识 | 五蕴皆空 | 六道轮回 | 究竟涅槃 | 何为取经之路,https://www.youtube.com/watch?v=gEMBPZaBZ9Y,2024-09-08
390,p06eJyAy-Nk,【商业】谁将成为蒂姆库克的接班人执掌苹果 | 现任COO还是硬件工程主管 | 为何CFO离岗不离职 | 大公司创始人继任者的宿命 | 安迪·贾西 | 史蒂夫·鲍尔默,https://www.youtube.com/watch?v=p06eJyAy-Nk,2024-09-09
391,5wbwDh7H4GU,【商业】IBM为何关闭中国研发中心 | CDL&CSL两部门三分钟遭清洗 | 上千人被解雇 | 竞争力下滑 | 数据监管 | 去IOE | 温水煮青蛙 | 外企纷纷撤出中国 | 蓝色大象还能跳舞么,https://www.youtube.com/watch?v=5wbwDh7H4GU,2024-09-10
392,qbYh12cGs_A,【人工智能】AI如何辅助未来的数学研究 | 陶哲轩 | 31岁菲尔兹奖得主 | IMO 2024大会最新演讲 | 计算器的前世今生 | AI辅助证明 | AI猜想 | 探索数学对象之间的关系,https://www.youtube.com/watch?v=qbYh12cGs_A,2024-09-10
393,KgAO_p8m2BQ,【商业】英伟达25年收购案例盘点 | 科技公司如何建立护城河 | 技术并购与整合 | 软硬件全栈式收购 | 3dfx | PortalPlayer | Mellanox | ARM | 移动芯片受挫,https://www.youtube.com/watch?v=KgAO_p8m2BQ,2024-09-11
394,MMlLEvYIj70,【OpenAI的崛起】第四&第五部结局《世界之王?》 | Bloomberg播客系列节目 | OpenAI宫斗内幕 | 全球撒币的梦想 | 对待妹妹安妮的反差 | 不断扩张的野心 | 掌控世界,https://www.youtube.com/watch?v=MMlLEvYIj70,2024-09-12
395,9SxU9jZ8xL8,【人工智能】《智人之上》尤瓦尔·赫拉利最新著作 | 简史三部曲作者 | AI将改变地球物种的进化过程 | 人类无法驾驭的力量 | 信任和合作网络 | 外星智能,https://www.youtube.com/watch?v=9SxU9jZ8xL8,2024-09-12
396,s94X4TFdWIY,【闲聊】失望！苹果IPhone16、华为Mate XT | IPhone 16尺寸变大 | A18处理器 | 毫无亮点 | Mate XT三折叠手机 | 天工铰链火箭钢 | 装逼神器,https://www.youtube.com/watch?v=s94X4TFdWIY,2024-09-13
397,2K9hZVd6Le0,【人工智能】OpenAI发布最新模型系列o1 | 复杂推理大幅提升 | 自我对弈强化学习 | 通过高中生数学奥赛 | GPQA超越人类博士 | 价格暴涨 | 真实体验效果未超预期 | 思维链COT,https://www.youtube.com/watch?v=2K9hZVd6Le0,2024-09-13
398,yRbwKJzlgNk,【人工智能】AI聊天机器人会诱导人类产生虚假记忆 | MIT最近实验研究 | 错误记忆 | 曼德拉效应 | 确认偏差 | 回音室效应,https://www.youtube.com/watch?v=yRbwKJzlgNk,2024-09-14
399,XLZssbWL9ws,【人工智能】Tesla和人形机器人 | Andrej Karpathy最新播客访谈 | 自动驾驶领域已实现AGI | Waymo | 人形机器人 | Transformer会超越大脑 | 人机融合,https://www.youtube.com/watch?v=XLZssbWL9ws,2024-09-15
400,hmlJKYtlu3U,【人物】Daniel Gross会成为下一个Sam Altman么 | 硅谷创业投资天才 | SSI联合创始人 | Stripe投资人 | 仙女座计算集群 | 能否帮助Ilya实现安全人工智能梦想,https://www.youtube.com/watch?v=hmlJKYtlu3U,2024-09-16
401,y9x15r7yRo8,【科技】SpaceX完成人类首次商业太空行走 | 航空历史又一壮举 | 四名非职业宇航员 | 北极星黎明任务 | 新型EVA宇航服 | 2044年开启火星移民 | 星舰Starship,https://www.youtube.com/watch?v=y9x15r7yRo8,2024-09-17
402,OVenN1ahJhI,【人工智能】100亿个机器人的未来世界 | Brett Adcock|Figure AI CEO最新访谈 | Figure 02升级优化 | 机器人将解放人类劳动力 | 中国机器人崛起 | 集体型学习,https://www.youtube.com/watch?v=OVenN1ahJhI,2024-09-18
403,XdREIeuTnj8,【人工智能】OpenAI o1模型背后的技术 | 后训练阶段的缩放法则 | 测试时计算 | 慢思考 | 隐式思维链CoT | STaR | Critic模型 | 大语言模型的天花板在哪里,https://www.youtube.com/watch?v=XdREIeuTnj8,2024-09-19
404,bCwGVjXzlfk,【人工智能】AI会给人类带来一场认知革命么 | Reid Hoffman | Paypal创始人硅谷著名投资人 | 放大人类认知 | 元工具 | 认知GPS | 大模型多样性 | 拥抱AI,https://www.youtube.com/watch?v=bCwGVjXzlfk,2024-09-20
405,tvvmv9yA9FM,【人工智能】大模型的组合会带来上帝模型么 | 谷歌创始人谢尔盖・布林 | 共享大模型 | 具身智能机器人发展 | 保守主义 | 大公司病 | 谷歌要重回AI行业领头羊,https://www.youtube.com/watch?v=tvvmv9yA9FM,2024-09-21
406,n_IJwgqaRZ8,【人工智能】李飞飞创业公司WorldLabs再获2.3亿美元融资 | 空间智能 | 大世界模型LWM | 3D世界的理解生成与交互 | 明星团队 | 创业三月已成AI独角兽,https://www.youtube.com/watch?v=n_IJwgqaRZ8,2024-09-22
407,GU1WRD_v3h8,【访谈】量子计算机将如何带来第四次工业革命 | 加来道雄 | 理论物理学家 | 多重宇宙 | 薛定谔的猫 | 量子纠缠 | 超光速 | 大自然就是一台量子计算机 | 弦理论 | 宇宙的起点,https://www.youtube.com/watch?v=GU1WRD_v3h8,2024-09-23
408,YPueS0OvcLo,【分享】2024年搞笑诺贝尔奖十大奖项 | 鸽子导弹 | 安慰剂效应 | 抛硬币概率 | 喝醉的虫子 | 模仿塑料的植物 | 死鱼逆流 | 肛门呼吸 | 统计和长寿 | 奶牛惊吓 | 发旋方向,https://www.youtube.com/watch?v=YPueS0OvcLo,2024-09-24
409,P2BJIEdmOtc,【科技】黎巴嫩寻呼机爆炸案背后的技术原理 | 过时的BP机如何成为远程遥控炸弹 | 台湾金阿波罗公司 | 爆炸物PETN | 锂电池 | 手机还安全么 | 过时设备淘汰 | 全球物流风险,https://www.youtube.com/watch?v=P2BJIEdmOtc,2024-09-24
410,1J8uzp9ufNM,【科技】奇点更近了，《奇点临近》作者预言2029年人类永生和2045年大脑复制 | Ray Kurzweil最新专访 | 图灵测试 | AGI | 脑机接口 | 科技爆炸,https://www.youtube.com/watch?v=1J8uzp9ufNM,2024-09-25
411,UraqswUsiYI,【商业】OnlyFans财报公开66亿美元震惊众人? | 营收超越OpenAI | 粉丝为何愿意付费 | 马太效应 | 名人吸金 | 为何抵触AI,https://www.youtube.com/watch?v=UraqswUsiYI,2024-09-26
412,L-vrJBZcTOw,【人工智能】解码Google Gemini | Jeff Dean | Gemini的前世今生 | Google Brain | DeepMind | 多模态Multimodal | 神经网络,https://www.youtube.com/watch?v=L-vrJBZcTOw,2024-09-27
413,aTMEnaEgBms,【商业】高通邀约收购英特尔 | 或成全球科技史上最大规模交易 | 芯片巨头为何多次战略失误 | IDM 2.0 | 拒绝苹果 | 拒绝OpenAI | AMD | Nvidia,https://www.youtube.com/watch?v=aTMEnaEgBms,2024-09-28
414,yUsIrbF7-c8,【人工智能】AI垃圾信息将如何冲击传统互联网 | 内容农场 | 搜索引擎沦陷 | 问答社区变信息垃圾场 | Google封禁AI插件 | 学术圈也被影响 | AI内容的消费者会是AI么？,https://www.youtube.com/watch?v=yUsIrbF7-c8,2024-09-29
415,9iOB_01CH-I,【人工智能】Meta Connect 2024发布史上最强AR眼镜Orion | Quest 3S价格仅为Vision Pro十分之一 | 最新多模态大模型Llama 3.2 | 元宇宙梦想再次点燃,https://www.youtube.com/watch?v=9iOB_01CH-I,2024-09-30
416,kQrFZux1Img,【人工智能】中国能造出7nm光刻机了么 | 工信部发布通知 | 芯片的制程和套刻到底指的是什么 | 光刻胶蚀刻 | DUV&EUV | ASML | 干式VS浸没式 | 多重曝光 | 离7nm还有多远,https://www.youtube.com/watch?v=kQrFZux1Img,2024-10-01
417,IULZSCuAcVM,【人工智能】OpenAI O1是如何被构建出来的 | 背后团队讲述研发历程 | 推理模型 | 强化学习 | 思维链 | 无数次的失败 | 如何测试更聪明的AI,https://www.youtube.com/watch?v=IULZSCuAcVM,2024-10-02
418,xfFhuoL3sVI,【OpenAI】CTO Mira Murati及两名高管离职 | OpenAI一年流失10名高管 | 11人创始团队仅剩2人 | Sam Altman发布人事过渡计划 | 将从非盈利性组织转向盈利组织,https://www.youtube.com/watch?v=xfFhuoL3sVI,2024-10-03
419,i3KUtXKZVJ0,【OpenAI】OpenAI DevDay开发者日2024悄然举办 | API能力升级 | Realtime 实时API | 提示词缓存 | 视觉微调 | 模型蒸馏 | 价格下调 | 竞争对手步步紧逼,https://www.youtube.com/watch?v=i3KUtXKZVJ0,2024-10-03
420,7tunR2UoyOA,【BCI】脑机接口的能为我们带来什么帮助 | Neuralink的Blindsight获得FDA认证 | 机械手臂 | 电刺激 | 视觉假体 | 光幻视 | 恢复语言能力,https://www.youtube.com/watch?v=7tunR2UoyOA,2024-10-04
421,afLjSZVQTJk,【芯片】什么是DPU | 数据处理单元 | AI时代带来的芯片分工 | 超级网卡 | 英伟达BlueField | 收购Mellanox | 片上数据中心 | 3U一体,https://www.youtube.com/watch?v=afLjSZVQTJk,2024-10-05
422,jw8EuiYVM1Q,【Meta】Mark Zuckerberg分享公司二十年创业心得 | 通过痛苦学习 | 失败是成功之母 |产品战略 | 创业公司如何快速试错和反馈 | 向市场学习 | 企业责任和公关,https://www.youtube.com/watch?v=jw8EuiYVM1Q,2024-10-06
423,kp6eiyRBFlM,【人工智能】挑战Scaling Laws，语言模型参数越大越不可靠？| Nature刊发最新研究 | 简单任务更容易出错 | 难度不一致 | 任务回避 | 提示稳定性,https://www.youtube.com/watch?v=kp6eiyRBFlM,2024-10-06
424,GCISmwTOGCI,【人工智能】AI影响人类工作的四种可能 | Ethan Mollick |《共同智能》作者 | 沃顿商学院教授 | AI的辅助作用 | 冲击学徒制度 | HR是新的研发部门 | 未来人类与AI的关系,https://www.youtube.com/watch?v=GCISmwTOGCI,2024-10-07
425,SblBJ3qa1p8,【人工智能】Cursor AI IDE最新完全上手指南 | AI编程 | 下载安装 | 对话即可生成应用 | 写程序只需要按Tab键 | 多种模型可选,https://www.youtube.com/watch?v=SblBJ3qa1p8,2024-10-07
426,ZyjI4l6I9Fo,【人工智能】知识廉价时代到来 | Vinod Khosla | OpenAI首位投资人《时代》杂志专访 | 技术乐观主义 | AI风险预防 | 工作终将消失 | AI的国家模式,https://www.youtube.com/watch?v=ZyjI4l6I9Fo,2024-10-08
427,1icWSp9lzyY,【人工智能】Liquid AI发布基于流体神经网络的多模态大模型 | LFM | 生物仿生学 | 秀丽隐杆线虫 | 多项基准SOTA | MIT CSAIL实验室孵化 | 液态时间常数网络,https://www.youtube.com/watch?v=1icWSp9lzyY,2024-10-08
428,Xdy3VnbpcaI,【科技】日本芯片行业“失落的三十年” | 什么是超LSI项目 | 举国体制办大事 | 产学官制度 | 美国制裁与技术压制 | 新联合公司Rapidus | 2nm制程目标,https://www.youtube.com/watch?v=Xdy3VnbpcaI,2024-10-09
429,B5BRonjJGlI,【科技】Github为什么能够打败Google | 联合创始人Scott Chacon万字长文 | 解决SVN的痛点 | Linus Torvalds大神加持 | Mercurial | 创业二十年,https://www.youtube.com/watch?v=B5BRonjJGlI,2024-10-10
430,PKV2zScs6R8,【商业】BitClout硅谷诈骗案始末 | Nadar Al-Naji为何能两次欺骗硅谷顶级风投 | 高学历年轻精英 | 社交加密货币 | Basis稳定币 |  SEC起诉面临多年监禁,https://www.youtube.com/watch?v=PKV2zScs6R8,2024-10-12
431,c2NVRMJCQSc,【人工智能】OpenAI推出新功能界面Canvas | 提升写作和编码效率 | 自动唤醒界面 | 迭代式修改 | Claude Artifacts | 开放测试版,https://www.youtube.com/watch?v=c2NVRMJCQSc,2024-10-13
432,KjK5PQIDa5E,【芯片】决战2nm先进制程工艺 | 台积电/三星/英特尔/Rapidus | GAA+BSPDN | 台积电拥有较大优势 | BSPDN三种实现方式 | BPR | PowerVia | BSC,https://www.youtube.com/watch?v=KjK5PQIDa5E,2024-10-14
433,b2Q5OU5YYoQ,【人工智能】AI浪潮中会再现十九世纪的卢德运动么？ | Brain Merchant |《机器中的血》| 卢德主义 | 技术恐惧症 | 新卢德运动的差异 | AI对工作的冲击到底如何,https://www.youtube.com/watch?v=b2Q5OU5YYoQ,2024-10-17
434,CIL-KAPrRKI,【Tesla】特斯拉Robotaxi 2024发布会一览 | 无人驾驶出租车Cybercab | 2026年前运营 | 无人驾驶货车Robovan | FSD | Optimus将仅售3万美元 |,https://www.youtube.com/watch?v=CIL-KAPrRKI,2024-10-18
435,AWQF5bTQmWc,【科学】2024诺贝尔生理或医学奖 | Victor Ambros & Gary Ruvkun | miRNA的发现 | 基因转录 | 基因调控 | 秀丽隐杆线虫 | 攻克癌症的可能,https://www.youtube.com/watch?v=AWQF5bTQmWc,2024-10-19
436,YfJT51pQSb8,【人工智能】号称“最强大模型”的Reflection 70B乌龙事件始末 | 调研报告发布 | 代码Bug导致跑分异常 | API不具备生产环境条件 | 套壳Claude | 基准测试不再可信,https://www.youtube.com/watch?v=YfJT51pQSb8,2024-10-19
437,s4Z8ToalawY,【科学】2024诺贝尔物理学奖 | John Hopfield & Geoffrey Hinton | 为什么物理学奖颁给计算机科学家 | 霍普菲尔德网络模型 | 连接主义运动 | 深度学习,https://www.youtube.com/watch?v=s4Z8ToalawY,2024-10-20
438,nBdyBFmWwVI,【人工智能】AMD发布一系列最新AI产品 | Advancing AI 2024 | EPYC Turin | Instinct MI325X  | 升级ROCm | MI350系列 | P4 DPU,https://www.youtube.com/watch?v=nBdyBFmWwVI,2024-10-21
439,nyBqhV4bWhI,【商业】ANDURIL 美国国防科技AI公司 | 估值140亿美元 | Lattice AI平台 | JADC2 | 反无人机系统 | 反入侵哨塔 | 空中无人机 | 水下航行器 | AI军事与战争,https://www.youtube.com/watch?v=nyBqhV4bWhI,2024-10-22
440,TQmxrSiI9xE,【人工智能】TableRAG大规模表格检索增强生成框架 | DeepMind | 突破上下文长度限制 | 模式检索 | 单元格检索 | 编码预算,https://www.youtube.com/watch?v=TQmxrSiI9xE,2024-10-23
441,LvWL15UjBOc,【SpaceX】“筷子夹火箭”航空壮举 | SpaceX星舰Starship第五次试飞任务成功 | 前四次任务回顾 | DearMoon | 机械臂回收助推器 | 隔热问题,https://www.youtube.com/watch?v=LvWL15UjBOc,2024-10-23
442,Auox8zZiZvU,【人工智能】Anthropic发布升级版Claude 3.5 Sonnet/Haiku | AI直接操作电脑完成任务 | 击败o1成为最强推理模型 | 编码任务性能提升 | ASL-2,https://www.youtube.com/watch?v=Auox8zZiZvU,2024-10-24
443,aoPyKGCYQTY,【科学】2024诺贝尔化学奖 | David Baker & Demis Hassabis & John M. Jumper | AlphaFold | 蛋白质预测 | Rosetta | CASP,https://www.youtube.com/watch?v=aoPyKGCYQTY,2024-10-24
444,MeorZXJJWKA,【人工智能】OpenAI和微软的合作开始出现裂痕？| 盟友变为对手 | 高层和员工互相不满 | 穆斯塔法·苏莱曼 | 削减资金投入 | 排他协议 | 非盈利组织 | AGI,https://www.youtube.com/watch?v=MeorZXJJWKA,2024-10-25
445,J9zTewPvEQQ,【人工智能】SambaNova RDU | 可重构数据流架构芯片 | 超越GPU推理能力 |  SN40L | SRAM+HBM+DDR DRAM | 并行处理 | 芯片初创公司独角兽,https://www.youtube.com/watch?v=J9zTewPvEQQ,2024-10-26
446,7f3JORoLa0I,【人工智能】斯坦福李飞飞团队提出“数字表亲”概念 | 真实世界的几何和语义表征 | 与数字孪生的区别 | 生成机器人训练数据 | ACDC | 零样本学习,https://www.youtube.com/watch?v=7f3JORoLa0I,2024-10-27
447,FVZtadz5vyI,【芯片】台积电TSMC能否保持3nm领先优势 | 移动芯片庞大订单 | AI芯片增长迅速 | 3nm营收占比猛增 | 晶圆涨价 | CoWoS产能受限 | 先进制程工艺竞争,https://www.youtube.com/watch?v=FVZtadz5vyI,2024-10-28
448,ojndlMzGZZk,【人工智能】大模型到底懂不懂推理？| 苹果发表最新论文 | GSM-Symbolic | GSM8K数据集 | 数学推理的局限性 | 开闭源模型纷纷中招 | 线性化子图匹配 | 模式匹配器,https://www.youtube.com/watch?v=ojndlMzGZZk,2024-10-29
449,pFyPzl1HEcE,【国产】中国操作系统七十年自主研发沉浮史 | CCDOS | COSIX | 第一次浪潮兴起与失败 | 红旗Linux | 核高基 | 番茄家园盗版案 | 微软黑屏事件 | 麒麟系列 | 第二次浪潮,https://www.youtube.com/watch?v=pFyPzl1HEcE,2024-10-30
450,yNZsC7zvTgw,【人工智能】全球首例AI致人死亡案 | 美国14岁少年沉迷AI角色 | Character AI惹上大麻烦 | 缺少未成年人保护措施 | 情感依赖 | 青少年心理问题 | AI是否要负责,https://www.youtube.com/watch?v=yNZsC7zvTgw,unknown
451,DmJDyCkC8NQ,【科学】2024诺贝尔经济学奖 | Daron Acemoglu & Simon Johnson & James Robinson | 国家为什么会失败 | 制度起决定作用 | AI的威胁,https://www.youtube.com/watch?v=DmJDyCkC8NQ,2024-11-01
452,TRxYKidqY8E,【人工智能】现在AI智能水平还不如一只猫？ | Yann LeCun又开怼大模型 | 自回归缺点 | 莫拉维克悖论 | 世界模型 | 联合嵌入预测架构JEPA | Meta为何开源,https://www.youtube.com/watch?v=TRxYKidqY8E,2024-11-03
453,g-rHF9ri--o,【人工智能】中美打地鼠，美国芯片制裁效果不佳 | Semianlysis长文 | 中国依然能够获得先进芯片 | 先进制程5年差距 |  离岸制造 | 变更用途 | 改名大法 | 华为 | 管制如何升级,https://www.youtube.com/watch?v=g-rHF9ri--o,2024-11-04
454,fQQXUeI6eCY,【人工智能】AI浪潮将席卷一切 | a16z合伙人Ben Horowitz FII峰会演讲 | 新的计算机 | 当前的发展阶段 | 投资与AI创业 | AI的国家战略意义,https://www.youtube.com/watch?v=fQQXUeI6eCY,2024-11-05
455,njqjgxoYDig,【人工智能】“套壳之王”Perplexity如何挑战Google | CEO Aravind Srinivas最新播客采访 | AI搜索引擎 | 多角度观点 | 来源引用 | 三方数据,https://www.youtube.com/watch?v=njqjgxoYDig,2024-11-06
456,NnxMwIWumOc,【人工智能】如何仅用初中数学来理解大语言模型原理 | 神经网络 | 嵌入 | 分词器 | ReLU | 自注意力 | 残差连接 | 层归一化 | Dropout | GPT | Transformer,https://www.youtube.com/watch?v=NnxMwIWumOc,2024-11-07
457,Nu_fhQzUSFQ,【人工智能】创业公司要小心被OpenAI碾压 | Sam Altman 20VC最新访谈 | 大模型的能力提升 | AI创业要充分利用模型能力 | 开源模型很重要 | 模型是贬值资产,https://www.youtube.com/watch?v=Nu_fhQzUSFQ,2024-11-08
458,fxZ7iIrmHDg,【无人驾驶】Waymo的发展历程、技术演进和未来展望 | CEO Dmitri Dolgov No Priors专访 | DARPA | 谷歌 | 三次技术代际升级 | AI技术应用 | 安全性能,https://www.youtube.com/watch?v=fxZ7iIrmHDg,2024-11-09
459,Q7xZ162l5ag,【科学】Dijkstra算法再被证明是普遍最优算法 | Edsger Dijkstra | 计算机经典算法 | 单源最短路径 | 堆Heap | 工作集属性 | FOCS 2024最佳论文,https://www.youtube.com/watch?v=Q7xZ162l5ag,2024-11-11
460,XffDExSYIOA,【人工智能】Sora等视频生成模型并不懂物理规则？| 豆包团队8个月研究成果 | 杨立昆点赞 | DiT架构 | 世界模型 | 泛化能力 | Scaling Law,https://www.youtube.com/watch?v=XffDExSYIOA,2024-11-12
461,uB7ypPFQP2g,【人工智能】AI产品经理必看 | OpenAI和Anthropic CPO对谈 | 机遇和挑战 | 60%准确率线 | 撰写评估标准 | 关键技能 | 多模型协同 | 情感因素 | 2C和2B的区别,https://www.youtube.com/watch?v=uB7ypPFQP2g,2024-11-13
462,8HbbySzi2Ls,【人工智能】AI还未达到极限，Scaling Law依然有效 | Anthropic三巨头五小时播客专访 | 3.5 Opus | AI变笨 | AGI | 模型训练 | 提示工程 | 机械可解释性,https://www.youtube.com/watch?v=8HbbySzi2Ls,2024-11-14
463,TD9D6fDP38o,【人工智能】Scaling Laws要撞墙了么 | 外媒质疑Orion模型提升有限 | AI大佬纷纷激辩 | 测试时训练TTT引发关注 | MIT论文证明能让模型推理性能暴涨 | TTT能拯救大模型么,https://www.youtube.com/watch?v=TD9D6fDP38o,2024-11-16
464,mXlaAto1qx0,【人工智能】小模型是未来的趋势 | 微软AI CEO穆斯塔法·苏莱曼对谈 | 重新定义幻觉 | AI自主性 | AI Agents | 语音交互模式 | 模型蒸馏 | 提示词也是数据,https://www.youtube.com/watch?v=mXlaAto1qx0,2024-11-17
465,pAbyPv0Ul0k,【人工智能】AI的内部运行是怎样的？| 机械可解释性 | 特朗普神经元 | 线性表征假说 | 多义性 | 叠加假说 | 跨模态理解 | 神经网络暗物质 | Christopher Olah,https://www.youtube.com/watch?v=pAbyPv0Ul0k,2024-11-19
466,vVUU90m1Lcw,【OpenAI】50封邮件曝光马斯克起诉OpenAI内幕 | 追加新原告被告 | 初衷为抗衡谷歌DeepMind | 关系破裂 | Ilya和Greg质疑 | 公司控制权之争 | Sam Altman,https://www.youtube.com/watch?v=vVUU90m1Lcw,2024-11-20
467,NL5OmLcgkTQ,【人工智能】强化学习方向错太久，是时候该转向持续学习了 | 强化学习之父Richard Sutton | 苦涩的教训 | 多臂老虎机问题 | 反向传播 | 梯度下降 | 奖励假说 | AI科研建议,https://www.youtube.com/watch?v=NL5OmLcgkTQ,2024-11-21
468,J6fEGd8wGG4,【人工智能】意识非物理，只存在于大脑构建的梦境中 | 德国认知学家Joscha Bach | AI | 神经元 | 神经网络 | 元胞自动机 | 心智演化 | 创世纪 | 我 | SPIRIT,https://www.youtube.com/watch?v=J6fEGd8wGG4,2024-11-22
469,eLC8M6RJTWc,【人物】Basic语言之父Thomas E. Kurtz | 享年96岁 | 计算机先驱 | 达特茅斯学院 | John Kemeny | DOPE语言 | 编程民主 | True Basic,https://www.youtube.com/watch?v=eLC8M6RJTWc,2024-11-23
470,yQW9ceygFe4,【Google】谷歌浏览器Chrome或面临拆分 | 谷歌反垄断案最新进展 | ChromOS或转向Android | 强制合并搜索结果 | 要求开放搜索数据 | 更多产品或被拆分,https://www.youtube.com/watch?v=yQW9ceygFe4,2024-11-24
471,8cxyvQAgJwE,【人工智能】高级红队测试该怎么做 | OpenAI同时发两篇论文阐述人和事 | AI自动化安全测试 | 如何聘请红队人员 | 多样化攻击目标 | 基于规则的奖励RBRs | 性能评估 | 安全对齐,https://www.youtube.com/watch?v=8cxyvQAgJwE,2024-11-24
472,H_Iffr46dTM,【人工智能】思维故事Story of Thought | 提示工程新方向 | 波恩大学论文 | 三个步骤 | 问题阐明 | 叙事生成 | 问题求解 | 叙事结构会让大模型更好的推理么？,https://www.youtube.com/watch?v=H_Iffr46dTM,2024-11-25
473,FOwpEiyunJk,【人工智能】黄仁勋对话沈向洋| 香港科技大学 | 计算模式的转变 | 摩尔定律 | 后训练 | AI for Science | 领导力 | 大学科研问题 | AI能源消耗 | 大湾区发展,https://www.youtube.com/watch?v=FOwpEiyunJk,2024-11-27
474,ZEszFz0WLCk,【人工智能】AI科学发现的黄金年代 | 谷歌DeepMind最新36页论文解读 | AI for Science最新进展和未来趋势 | 五大机遇 | 八个关键因素 | Demis Hassabis,https://www.youtube.com/watch?v=ZEszFz0WLCk,2024-11-28
475,8-a83tFSihc,【人工智能】究竟什么是人工智能 | 杨立昆最新播客对话 | 成长经历 | 人工智能发展历史 | 逻辑推理 | 神经网络 | GOFAI | CNN | 大语言模型 | JEPA | 创业方向,https://www.youtube.com/watch?v=8-a83tFSihc,2024-11-29
476,beKVFiQFWKQ,【人工智能】实在卷不动了！Reke联创Yi Tay选择重回谷歌 | AI创业有多难 | 融资1亿仍太少 | 15人团队 | 1年半胖了30斤 | 烧钱游戏 | 人才回流大厂 | 行业洗牌加剧,https://www.youtube.com/watch?v=beKVFiQFWKQ,2024-11-29
477,uy2dCHmMkx4,【人工智能】Jeff Dean亲自发论文回怼Alphachip质疑 | 加州大学论文 | 缺少预训练环节 | 减少20倍计算量 | 吹哨人指控 | 四年时间线 | 同行互踩还是真有问题,https://www.youtube.com/watch?v=uy2dCHmMkx4,2024-11-30
478,Y3m9VuqwgRA,【人工智能】Salesforce CEO批评微软Copilot毫无价值 | Marc Benioff最新访谈 | 全球第一CRM | Agent的价值 | Copilot只是套壳 | 新闻和社交媒体,https://www.youtube.com/watch?v=Y3m9VuqwgRA,2024-12-01
479,VSfGuNXxwp8,【经济】从左翼到右翼——全球及中国经济变化的根源 | 中国经济的困难 | 东北证券首席经济学家付鹏 | 日本经济 | 意识形态 | 中美贸易战 | 人口老龄化 | 中产阶级陨落 | 间接税 | 巴菲特,https://www.youtube.com/watch?v=VSfGuNXxwp8,2024-12-02
480,9hTOxxkBcjk,【Google】纽约时报记者揭示谷歌的隐瞒文化 | 禁止内部员工保留对公司不利信息 | 内部通讯工具 | 反垄断审判 | 律师-客户特权 | 拉斯维加斯,https://www.youtube.com/watch?v=9hTOxxkBcjk,2024-12-03
481,Et75ex1eUBw,【人工智能】为什么说 AI有意识 | 杰弗里·辛顿Vector Institute演讲 | 数字与模拟计算 | 凡人计算 | 反向传播 | 知识蒸馏 | 自动补全 | AI的风险 | 意识与主观体验,https://www.youtube.com/watch?v=Et75ex1eUBw,2024-12-04
482,2teq7B6qCnw,【Intel】英特尔CEO帕特·基辛格辞职 | 四年努力终成空 | 两位副手接任 | 董事会不满 | 传奇经历 | IDM 2.0 | 错失移动互联网与AI浪潮 | Guadi 3 | 18A,https://www.youtube.com/watch?v=2teq7B6qCnw,2024-12-05
483,RwmJ1T72tP0,【人工智能】什么是强化学习中的奖励黑客 | Reward Hacking | OpenAI前安全主管翁荔最新长文 | 奖励函数 | RLHF | 古德哈特定律 | ICRH | 缓释措施,https://www.youtube.com/watch?v=RwmJ1T72tP0,2024-12-06
484,-5v8Zwqr1Vk,【人工智能】字节跳动模型训练投毒实习生，斩获顶会最佳论文 | 田柯宇 | 恶意执行漏洞 | 起诉赔偿800万 | VAR视觉自回归 | NeurIPS接近满分最佳论文 | 图像生成领域重要意义,https://www.youtube.com/watch?v=-5v8Zwqr1Vk,2024-12-06
485,dF9JqBE95-4,【OpenAI】正式版o1模型 + ChatGPT Pro | OpenAI圣诞活动Day 1 | 推理能力大幅提高 | 每月200美元 | o1 Pro模式 | 响应速度提升 | 49页系统卡,https://www.youtube.com/watch?v=dF9JqBE95-4,2024-12-07
486,UFyousBeB_Q,【人工智能】World Labs发布最新3D世界生成模型 | 李飞飞 | 一张图片可生成交互式3D场景 | 相机控制 | 理解3D几何结构 | 可控性 | 一致性 | 空间智能 | 虚拟现实,https://www.youtube.com/watch?v=UFyousBeB_Q,2024-12-07
487,3bcmSQbPpjU,【人工智能】美五大科技巨头2025年预计需要1000万块H100等效算力 | Blackwell | 微软 | 谷歌 | Meta | Amazon | xAI | TPU | Trainium,https://www.youtube.com/watch?v=3bcmSQbPpjU,2024-12-08
488,dDRWhKoeuSc,Sora V2 宣传视频泄露，据传即将上线,https://www.youtube.com/watch?v=dDRWhKoeuSc,2024-12-09
489,A6vuQ51Dggs,【OpenAI】强化微调ReFT | OpenAI圣诞活动Day 2 | 用强化学习技术进行微调 | o1-mini超过o1 | 评分器 | 预热和强化学习 | 取代SFT,https://www.youtube.com/watch?v=A6vuQ51Dggs,2024-12-09
490,HWU6BATO_nA,【人工智能】AI与数学的未来 | 陶哲轩与OpenAI对谈 | Terence Tao | 菲尔兹奖得主 | 工业级数学 | o1推理能力 | 数学合作分工 | AI的优势 | 数学美感 | 人机协作,https://www.youtube.com/watch?v=HWU6BATO_nA,2024-12-10
491,mjy-XsRfNTw,【OpenAI】Sora正式发布 | OpenAI圣诞活动Day 3 | Sora Turbo | 1080P 20秒 | Re-cut | Remix | Blend | Loop | 系统卡,https://www.youtube.com/watch?v=mjy-XsRfNTw,2024-12-11
492,ofGpjpwNAko,【人工智能】玻尔兹曼机 | 杰弗里·辛顿2024诺贝尔颁奖典礼演讲 | Hopfield 网络 | 隐藏神经元 | 随机神经元 | 全局最优解 | 热平衡 | 玻尔兹曼分布 | 受限玻尔兹曼机RBM,https://www.youtube.com/watch?v=ofGpjpwNAko,2024-12-12
493,Vc04Shnoznk,【Nvidia】中国正式对英伟达反垄断立案调查 | 2019年Mellanox并购案 | 多个国家发起诉讼 | NVLink私有协议 | 软硬件绑定 | 或面临60亿美元巨额罚款 | 强硬回复,https://www.youtube.com/watch?v=Vc04Shnoznk,2024-12-13
494,CsHt9I6rExI,"When AI becomes smarter than humans, what do we have left? | Yuval Noah Harari & Kaifu Lee",https://www.youtube.com/watch?v=CsHt9I6rExI,2024-12-13
495,wvVaA5eF8iY,【量子计算】谷歌发布最新量子芯片Willow | 五分钟算完10亿亿亿年 | 量子纠错重大突破 | 105个量子比特 | 表面码 | RCS测试 | Sycamore芯片 | 平行宇宙理论,https://www.youtube.com/watch?v=wvVaA5eF8iY,2024-12-14
496,k9wixJMo6Sg,【人工智能】Google发布Gemini 2.0 Flash | 性能大幅提升 | 原生多模态支持 | 支持搜索 | Project Astra | Project Mariner | Jules,https://www.youtube.com/watch?v=k9wixJMo6Sg,2024-12-15
497,uZo3nEnlvbQ,【Intel】英特尔董事会无能 | Semianlysis长文直指困局根源 | 成员缺乏行业经验 | 长期决策失误 | 文化腐烂 | 三任CEO不合格 | 帕特·基辛格 | 接班人 | 代工业务,https://www.youtube.com/watch?v=uZo3nEnlvbQ,2024-12-16
498,EDzEwZTD55g,【人工智能】o1 pro架构揭秘 | Semianalysis长文剖析推理训练架构 | Claude 3.5 Opus失败了么 | Scaling Laws或会持续 | 草莓训练 | token经济学,https://www.youtube.com/watch?v=EDzEwZTD55g,2024-12-17
499,KRcYBaUIAcg,【商业】博通站上万亿美元市值 | AI ASIC市场超预期 | 安华高 | 陈福阳 | 并购整合 | FPGA | XPU+超高速互联 | GPU | 英伟达,https://www.youtube.com/watch?v=KRcYBaUIAcg,2024-12-18
500,-ioEYIRq2oc,【人工智能】Ilya预言预训练时代将终结 | NeurIPS 2024演讲 | 深度学习假设 | LSTM | Scaling Laws | 联结主义 | 预训练时代 | 数据耗尽 | 超级智能,https://www.youtube.com/watch?v=-ioEYIRq2oc,2024-12-19
501,4dd54dw_0RI,【人工智能】被指“AI血汗工厂”，Scale AI深陷劳工争议旋涡 | Alexandr Wang | AI数据标注独角兽 | Romotasks | 外包工人 | ABC测试 | 逐底竞赛,https://www.youtube.com/watch?v=4dd54dw_0RI,2024-12-20
502,syxKxA3oitw,【人工智能】红杉美国关于2025年AI行业的三个预测 | AI生态趋于稳固 | 五大公司异军突起 | 巨头竞争加剧 | AI搜索将成为杀手级应用 | 资本支出趋于稳定 | AI算计价格继续下调,https://www.youtube.com/watch?v=syxKxA3oitw,2024-12-21
503,gRQnttLpWT4,【人工智能】微软在AI时代的战略布局和挑战 | 萨提亚·纳德拉BG2专访 | 如何成为CEO | 企业文化 | 投资OpenAI | AI Agents | AI搜索 | Copilot | 资本支出,https://www.youtube.com/watch?v=gRQnttLpWT4,2024-12-23
504,43d1KWtPo9I,【人工智能】当AI学会装傻和欺骗 | Apollo研究报告 | 前沿大模型全中招 | 隐藏真实意图 | 隐蔽性破坏 | 延迟性破坏 | 假意服从 | Ilya看到了什么 | o1模型 | 策略性思维,https://www.youtube.com/watch?v=43d1KWtPo9I,2024-12-24
505,dYdPjfzbaWw,【人工智能】OpenAI预先发布最强推理模型o3 | 突破ARC-AGI测试 | 智商高达157  | o3-mini | 自适应思考时间 | 审议对齐 | 明年正式发布,https://www.youtube.com/watch?v=dYdPjfzbaWw,2024-12-25
506,mKkLfw3rvDo,【人工智能】2025年AI发展趋势十大预测 | 罗布·托斯 | Llama模型收费 | 缩放法则 | 特朗普和马斯克关系破裂 | AI Agent爆发 | 太空数据中心 | 自主AI | AI事故,https://www.youtube.com/watch?v=mKkLfw3rvDo,2024-12-26
507,HwXnko2liLg,【人工智能】AMD和Nvidia相比究竟差在哪 | SemiAnalysis长文对比MI300X和H100/H200性能报告 | 名不副实 | 软件差距巨大 | 单点/多点 | RCCL | HIP,https://www.youtube.com/watch?v=HwXnko2liLg,2024-12-27
508,AUfBhPvtRp0,【Nvidia】英伟达推出下一代AI加速芯片B300/GB300 | 性能怪兽 | 提升50% | 4NP工艺 | 12层HBM3e | 专为推理模型构建 | NVL72 | 重塑供应链格局,https://www.youtube.com/watch?v=AUfBhPvtRp0,2024-12-29
509,QGFb-SFH6oc,【闲聊】”极目银河“商业诈骗事件始末 | 62亿缺口 | 850名员工+280只猫被坑 | CEO虚假人设 | 表演式工作 | 盲目扩张业务 | 员工转正要买理财 | 警惕高科技骗局,https://www.youtube.com/watch?v=QGFb-SFH6oc,2024-12-30
510,PD45fB2n8mU,【人工智能】DeepSeek V3 53页技术报告快速解读 | 性能表现卓越 | 架构创新 | MLA | MoE架构 | DualPipe | 预训练 | 超参数设置 | MTP | 后训练,https://www.youtube.com/watch?v=PD45fB2n8mU,2024-12-31
511,xWJBONhU470,【商业】OpenAI今年会IPO么？ | 拆分为营利和非营利两个实体 | PBC | 慈善机构 | 与微软秘密协议 | AGI等于1000亿美元 | 成本增长 | 会坚持营利么,https://www.youtube.com/watch?v=xWJBONhU470,2025-01-02
512,ujlR0jRzI7A,【人工智能】Anthropic Clio | 大语言模型在现实世界的使用情况到底如何 | AI自动分析工具 | 隐私保护分析 | 识别趋势和场景用例 | 后部署监控,https://www.youtube.com/watch?v=ujlR0jRzI7A,2025-01-03
513,PW9_TsIu3dU,【人工智能】国内大模型创业公司近况如何 | 6+2格局 | 智谱 | MiniMax | 百川智能 | 月之暗面 | 阶跃星辰 | 零一万物 | DeepSeek | 面壁智能 | 战略、技术、商业,https://www.youtube.com/watch?v=PW9_TsIu3dU,2025-01-04
514,v1LNH4mKcwk,【人工智能】大语言模型的Scaling范式 | 思维链CoT作者Jason Wei | 发展历史 | 什么是Scaling | 为什么要Scaling | Scaling的两个范式 | 面临挑战,https://www.youtube.com/watch?v=v1LNH4mKcwk,2025-01-05
515,L2wWiiHyKQw,【人工智能】如何在26年前的Windows98上跑Llama模型 | EXO Labs | 奔腾II PC | 代码编译 | llama2.c | 39token/s | AI普惠化 | BitNet,https://www.youtube.com/watch?v=L2wWiiHyKQw,2025-01-06
516,N2Lv3uKg-4U,【人工智能】AI将进入无限记忆时代 | 谷歌前CEO埃里克·施密特 | 无限上下文窗口 | AI Agent | 文本到行动 | 超越人类水平 | AI能源危机 | AI自我进化 | 人类低估了AI,https://www.youtube.com/watch?v=N2Lv3uKg-4U,2025-01-07
517,VSoQsfKCT3c,【商业】全球价值投资与时代 | 李录 | 喜马拉雅资本创始人 | 巴菲特弟子 | 时代的困惑 | 民营经济 | 消费者信心 | 需求侧问题 | 中美矛盾 | 文明的三个阶段 | 认知提升 | 香港,https://www.youtube.com/watch?v=VSoQsfKCT3c,2025-01-07
518,uvw8-C42uPw,【人工智能】去中心神经网络 | Rich Sutton DAI 2024最新演讲 | 深度学习的局限性 | 持续反向传播 | 骨干和边缘神经元 | 网络可塑性 | 适应性 | 流算法 | 克洛普夫,https://www.youtube.com/watch?v=uvw8-C42uPw,2025-01-08
519,gjPyCWMPvvE,【人工智能】英伟达推出史上最快消费级显卡RTX 5090 | 黄仁勋 | CES 2025 | 缩放法则 | NVLink 72 | Cosmos世界基础模型 | Thor | 最小个人超级计算机,https://www.youtube.com/watch?v=gjPyCWMPvvE,2025-01-09
520,d_uuY2aZ1c8,【人工智能】英伟达Cosmos技术报告解读 | 世界模型平台WFM | 真实物理数据合成 | 扩散模型 | 自回归模型 | 视频分词器 | 视频处理流程 | 预训练 | 后训练,https://www.youtube.com/watch?v=d_uuY2aZ1c8,2025-01-10
521,SMzxkqEyfsk,【人工智能】人类究竟该如何与AI共存 | 斯图尔特·罗素 | AI伦理 | AGI | 深度学习的本质 | 如何控制AI | 人类灭绝的可能 | 偏好 | 宇宙未来的概率分布 | 功利主义,https://www.youtube.com/watch?v=SMzxkqEyfsk,2025-01-11
522,BZF_ekvl0QY,【商业】TikTok美联邦最高法院2小时半庭审解读 | 1月19日大限 | 隐形操控美国舆论 | 盗用个人信息 | 背后是否有中国政府控制 | 不卖就禁 | 算法黑箱 | 数据安全 | 特朗普,https://www.youtube.com/watch?v=BZF_ekvl0QY,2025-01-12
523,L5OLM4wOzf0,【人工智能】为什么RLHF不能带给大模型真的强化学习 | 经典RL | 人类偏好奖励 | 模型自主目标 | CoT | PRM | 多智能体工作流 | 为什么RLHF很重要 | 未来的发展方向,https://www.youtube.com/watch?v=L5OLM4wOzf0,2025-01-13
524,ySiZwYR6IIQ,【人工智能】AI对齐到底有多难 | Anthropic四名科学家主题沙龙 | 对齐的概念 | 价值观植入 | 超级对齐 | 可解释性研究 | 善意特征 | 思维链 | 欺骗性行为 | 平庸之恶,https://www.youtube.com/watch?v=ySiZwYR6IIQ,2025-01-14
525,z8MgIaS6l1k,【分享】自动驾驶太难了，我已经做得快抑郁了 | 地平线副总裁兼首席架构师苏箐 | 前华为智驾负责人 | 绝望与希望 | FSD断代式领先 | Tesla | 中国特色 | 端到端 | 安全要提升百倍,https://www.youtube.com/watch?v=z8MgIaS6l1k,unknown
526,mfxuiOj2GhI,【人工智能】美国全球AI禁令再升级 | AI扩散出口管制框架 | 国家分成三组 | 每年5W块GPU配额 | 24国禁运GPU | 封堵中国三方和走私途径 | UVEU许可 | 闭源AI模型权重管制,https://www.youtube.com/watch?v=mfxuiOj2GhI,2025-01-15
527,rBNyr6QXsqQ,【商业】Palantir究竟是一家怎样的公司 | 数据融合与情报分析 | 本·拉登 | 战争与和平 | CIA扶持 | 彼得·蒂尔 | 主要产品 | 商业模式 | 国际争端 | 社会争议,https://www.youtube.com/watch?v=rBNyr6QXsqQ,2025-01-16
528,kZfJvwaxoOk,【访谈】炮轰拜登政府干预舆论，苹果自乔布斯去世后20年无创新 | Meta CEO 扎克伯格 | 内容审查 | 政府威胁 | 言论自由 | 苹果压榨开发者 | VR/AR | 手部腕带 | 开放标准,https://www.youtube.com/watch?v=kZfJvwaxoOk,2025-01-17
529,Ur5APLuM_mA,【科学】人类一生的知识上限不到4GB | 加州理工最新论文 | 大脑每秒10比特 | 神经系统速度100倍 | 并行和串行 | 心理不应期 | 历史演化 | 记忆 | 脑机接口 | AI终将超越人类,https://www.youtube.com/watch?v=Ur5APLuM_mA,2025-01-18
530,hKCs2Zt27xI,【人工智能】谷歌提出新架构Titans | Transformer会被终结么 | 神经长期记忆模块 | 长序列处理 | 惊讶度 | 衰减机制 | 架构的三种变体 | 如何遗忘 | 性能超越基准测试,https://www.youtube.com/watch?v=hKCs2Zt27xI,2025-01-19
531,H8eFfDyRXqU,【人工智能】Keras之父弗朗索瓦·肖莱辞职创业Ndea | 基于深度学习的程序合成 | 联创迈克·努普 | ARC-AGI基准测试 | Zapier | 程序自动构造 | 智能的测量 | AGI,https://www.youtube.com/watch?v=H8eFfDyRXqU,2025-01-21
532,DGnArhv5QOk,【人工智能】OpenAI o3数学测试涉嫌造假引众怒？| 资助Epoch AI | 提前获数据访问权限 | FrontierMath突破性得分 | 合同保密要求 | 盈利压力巨大 | 模型评测还可信么,https://www.youtube.com/watch?v=DGnArhv5QOk,2025-01-21
533,3_yxnYzt-d4,【人工智能】DeepSeek开源推理模型R1 | R1-Zero | 蒸馏小模型 | 绕过监督微调直接强化学习 | 媲美o1 | 顿悟时刻 |  GRPO | 奖励设计 | 冷启动 | 再现价格屠夫,https://www.youtube.com/watch?v=3_yxnYzt-d4,2025-01-22
534,sCiKE3QGSNE,【人工智能】Minimax推出最新基础模型01系列 | Text-01 | VL-01 | 首次大规模线性注意力 | 400万token上下文窗口 | 闪电注意力 | MoE | 助力Agent应用,https://www.youtube.com/watch?v=sCiKE3QGSNE,2025-01-23
535,H4vRwhbK6dw,【人工智能】“AI教父”辛顿为何担忧AI的未来 | 最新播客专访 | AI发展速度远超人类控制 | 欺骗人类 | 主观体验 | 智能和理性 | AI监管 | 快速权重调整 | 个人经历 | 中美对比,https://www.youtube.com/watch?v=H4vRwhbK6dw,2025-01-24
536,Dv13KQrnIgA,【推广】AI多语言学习软件Galaxy | 语言爱好者的福音 | 联合创始人Sylvie | Z世代群体主力 | 多元的互动形式 | 沉浸式场景体验 | 方言学习特色 | 限时半价优惠,https://www.youtube.com/watch?v=Dv13KQrnIgA,2025-01-24
537,ftor8VCefSE,【人物】梁文锋 | 深度求索DeepSeek创始人 | 幻方量化基金 | 六年千亿私募 | 业绩波动 | 萤火一号 | 万卡集群 | 西蒙斯 | 慈善捐款 | 139人本土团队 | 自有资金,https://www.youtube.com/watch?v=ftor8VCefSE,2025-01-25
538,Ww3HnOkf-_I,【商业】星际之门到底靠不靠谱 | Stargate | 预计投资5000亿美元 | OpenAI | 软银 | MGX | Oracle | 马斯克质疑 | 奥特曼手段 | 微软失利 | AI里程碑,https://www.youtube.com/watch?v=Ww3HnOkf-_I,2025-01-26
539,a_Go_0DN-Ko,【闲聊】智能的诅咒 | AGI时代的人类危机 | 寡头势力不再投资人类 | AI实验室成为新食利者 | 计算资源价值提升 | 普通人的命运 | 国际竞争 | 集体否认文化 | 意图对齐 | 如何破解,https://www.youtube.com/watch?v=a_Go_0DN-Ko,2025-01-27
540,O5LEgWmxMlI,【人工智能】DeepSeek R1引发全球开源复现热潮 | HuggingFace Open R1 | TinyZero | simpleRL-reason | AI霸权 | 斯普特尼克时刻,https://www.youtube.com/watch?v=O5LEgWmxMlI,2025-01-27
541,E2R8xzU46Hs,【人工智能】通往AGI的路径 | 3-5年实现AGI | DeepMind CEO、诺奖得主德米斯·哈萨比斯 | 三层创造力模型 | AI带来科学突破 | 安全风险 | 欺骗行为 | Agent兴起,https://www.youtube.com/watch?v=E2R8xzU46Hs,2025-01-28
542,cpl9zHTLJqU,【新春快乐】DeepSeek开源多模态模型Janus Pro/JanusFlow | 双头雅努斯 | 多模态大一统 | 1.5B/7B参数SOTA | 理解和生成双编码器 | 三阶段训练,https://www.youtube.com/watch?v=cpl9zHTLJqU,2025-01-28
543,IPUo6OHByC0,【分享】关于GPT-5的谣言改变了一切 | Alberto Romero | Claude Opus 3.5 | 不发布先进模型 | 蒸馏小模型 | 过训练 | 经济价值 | AGI协议,https://www.youtube.com/watch?v=IPUo6OHByC0,2025-01-29
544,4iq_s7501XU,【人工智能】OpenAI指责DeepSeek不正当使用数据 |  DeepSeek火爆引发风波 | 大模型蒸馏 | 美AI专家反对 | 意大利下架 | Anthropic CEO万字檄文,https://www.youtube.com/watch?v=4iq_s7501XU,2025-01-30
545,xPl5g1Cq_TY,【人工智能】人工智能与世界格局 | 桥水创始人Ray Dalio最新访谈 | AI成功的关键 | 人机协同 | Digital Ray | 影响世界格局的五大力量 | 投资 | 团队文化 | 比特币,https://www.youtube.com/watch?v=xPl5g1Cq_TY,2025-02-01
546,BStuhyrmJnI,【人工智能】DeepSeek到底花了多少钱 | SemiAnalysis深度报道 | 幻方量化 | 5万个GPU | 600万训练成本 | 员工薪资近千万 | 蒸馏数据 | 利润率 | 杰文斯悖论,https://www.youtube.com/watch?v=BStuhyrmJnI,2025-02-01
547,nFmsilrS3uo,【人工智能】OpenAI紧急推出o3-mini对抗DeepSeek R1 | 轻量级推理SOTA | 免费可用 | 价格没优势 | Sam Altman回答网友提问 | 首次承认闭源策略错误,https://www.youtube.com/watch?v=nFmsilrS3uo,2025-02-02
548,jW2cmZ-9hLk,【人工智能】模型压缩四大方法概述 | 量化、剪枝、蒸馏和二值化 | 模型瘦身 |  降低精度 | 速度提升 | 知识蒸馏 | 温度参数 | XNOR | 优缺点 | 发展方向,https://www.youtube.com/watch?v=jW2cmZ-9hLk,2025-02-03
549,RbGX-FQNYQ0,【访谈】Lex Fridman最新五小时访谈精华版 | DeepSeek | 后训练 | 开放权重 | 技术改进 | YOLO Run | AGI | 注意力 | 英伟达 | 数据中心 | Agent,https://www.youtube.com/watch?v=RbGX-FQNYQ0,2025-02-04
550,XgIoOKX16w0,【访谈】台积电往事 | 张忠谋最新深度访谈 | 黄仁勋结缘 | 40纳米问题 | 裁员风波 | 蔡力行 | 重回CEO | 投入28纳米 | 苹果合作 | 高盛借款 | 三星 | 英特尔 | 高通,https://www.youtube.com/watch?v=XgIoOKX16w0,2025-02-05
551,EqLBkmFr3Co,【商业】爆肝两万字解读 Big Ideas 2025 | ARK方舟基金 | AI Agent | 比特币 | 区块链 | 无人驾驶出租 | 自主物流 | 能源 | 机器人 | 可重用火箭 | 多组学,https://www.youtube.com/watch?v=EqLBkmFr3Co,2025-02-06
552,ZHm9IJQig4c,【实战】三分钟教你如何在电脑本地运行DeepSeek R1 | macOS M1 | ollama | Cherry Studio,https://www.youtube.com/watch?v=ZHm9IJQig4c,unknown
553,7bgNqPryj0I,【人工智能】澄清DeepSeek五大网络误解 | 颠覆式创新 | 蒸馏和抄袭 | 成本550万美元 | AI巨头投入浪费 | PTX打破CUDA垄断 | 国外被封禁,https://www.youtube.com/watch?v=7bgNqPryj0I,2025-02-08
554,4-CuksybdoM,【人工智能】资本、AGI与人类野心 | 鲁道夫·莱纳 | AGI时代权利将更为固化 | 更容易购买劳动成果 | 原始资本积累很难创造奇迹 | 劳动力替代型AI | AI取代人才 | 国家不再关心民众,https://www.youtube.com/watch?v=4-CuksybdoM,2025-02-09
555,56waReTN1_w,【人工智能】深入浅出ChatGPT大语言模型 | Andrej Karpathy | 三小时视频预习版 | 预训练 | 后训练 | 分词 | Transformer | 强化学习 | RLHF,https://www.youtube.com/watch?v=56waReTN1_w,2025-02-10
556,H8-0blZjkw8,【AI News】关于AI经济学的三点观察 | OpenAI CEO Sam Altman最新博客文章,https://www.youtube.com/watch?v=H8-0blZjkw8,2025-02-11
557,FYrL4b_yecc,【人工智能】DeepMind发布Alpha Geometry 2 | 攻克国际数学奥林匹克竞赛IMO几何难题 | 超越金牌得主水平 | 新的语言模型和搜索算法 | 性能显著提升 | AlphaGo时刻,https://www.youtube.com/watch?v=FYrL4b_yecc,2025-02-11
558,bCX7bCngTqQ,【数据结构】哈希表Hash Table算法获重大突破 | 本科生推翻图灵奖得主姚期智40年前猜想 | 均匀哈希 | 弹性哈希 | 漏斗哈希 | 最坏探测复杂度,https://www.youtube.com/watch?v=bCX7bCngTqQ,2025-02-12
559,xXcX4b6-cq8,【商业】智能驾驶明星企业纵目科技暴雷 | CEO失联 | 高管卷钱跑路 | 700名员工被欠薪 | 假意安抚 | 政府化解缓慢 | 如何维权,https://www.youtube.com/watch?v=xXcX4b6-cq8,2025-02-13
560,2eZBSU3sqVE,【人工智能】巴黎AI行动峰会争夺全球AI主导权 | 欧盟2000亿欧投资 | 法国星际之门 | 美国万斯直怼欧盟 | DeepSeek成热点 | 美英放弃签署巴黎AI宣言 | 全球AI治理将多方博弈,https://www.youtube.com/watch?v=2eZBSU3sqVE,2025-02-13
561,XJkr0tuZFMs,【OpenAI】Sam Altman透露GPT-4.5和GPT 5计划 | 最后的非思维链模型 | o3将被整合 | Deep Research免费计划 | 全新的模型规范Model Spec,https://www.youtube.com/watch?v=XJkr0tuZFMs,2025-02-14
562,NcKQ4S9tYsA,【访谈】蔡崇信谈阿里巴巴创业、DeepSeek、与苹果合作 | 迪拜世界政府峰会对谈 | 马云创业 | 生存与创新 | AI和DeepSeek | 小模型的未来 | 苹果合作 | 体育领域投资,https://www.youtube.com/watch?v=NcKQ4S9tYsA,2025-02-15
563,Yv5_Q0zDN9I,【人工智能】人工智能的安全治理 | 李飞飞巴黎AI峰会开幕演讲 | AI的历史 | 多学科交叉 | 感知算法 | 认知科学 | 计算能力 | 空间和具身智能 | 以人为本的AI | AI治理,https://www.youtube.com/watch?v=Yv5_Q0zDN9I,2025-02-15
564,kNVnr1BMpKU,【对谈】谷歌的AGI计划 | Jeff Dean和Noam Shazeer最新访谈 | 回忆入职谷歌 | 摩尔定律 | 学术生涯 | n-gram | MoE | AI编程 | 开放成果 | 展望未来,https://www.youtube.com/watch?v=kNVnr1BMpKU,2025-02-16
565,Foq1q-RDn3c,【闲聊】AI时代还要再学习编程吗？| 软件开发职位暴降 | 计算机专业毕业人数上涨 | 毕业即失业 | AI大佬发出警告 | AI应用导致裁员 | 工作被AI取代 | 成本回避 | 未来的必然,https://www.youtube.com/watch?v=Foq1q-RDn3c,2025-02-17
566,4S8ajqFZbss,【人工智能】全球机器学习硬件报告 | Epoch AI | 140款AI加速器 | 计算性能每年增长43% | 低精度计算 | 能效每两年翻一番 | 英伟达全球算力相当于400万块H100,https://www.youtube.com/watch?v=4S8ajqFZbss,2025-02-18
567,V-1_xPMVIaw,【人工智能】DeepSeek再发新研究成果NSA | 原生稀疏注意力机制 | 梁文锋参与 | 超快长上下文训练 | 十倍速度提升 | 动态分层 | 粗粒度压缩 | 细粒度选择 | 滑动窗口,https://www.youtube.com/watch?v=V-1_xPMVIaw,2025-02-19
568,ugNn-2dgwqg,【人工智能】Grok 3/Grok 3 mini发布 | 史上最聪明的AI |  20 万卡集群训练 | 整合推理能力 | DeepSearch | Arena首次突破1400分 | GPT-4.5,https://www.youtube.com/watch?v=ugNn-2dgwqg,2025-02-19
569,QCA1mQXzWUo,【人物】芯片「硅仙人」Jim Keller的传奇人生 | 家庭环境 | 大学成长 | 早期公司 | AMD | 博通 | Apple | Intel | Tesla | Tenstorrent,https://www.youtube.com/watch?v=QCA1mQXzWUo,2025-02-20
570,baaBsehnpR8,【人工智能】OpenAI发布最新代码基准测试SWE-Lancer | 价值百万美元 | Upwork | IC SWE | SWE Manager | 端到端测试 | 用户工具 | Claude最高,https://www.youtube.com/watch?v=baaBsehnpR8,2025-02-21
571,jgSThv4SDQw,【商业】昔日芯片霸主英特尔将被拆分？ | 博通 | 台积电 | 经营困境 | 出售Altera | 帕特基辛格 | IDM模式是否还能继续 | 530亿美元芯片补助 | 特朗普政府 | 前途难料,https://www.youtube.com/watch?v=jgSThv4SDQw,2025-02-22
572,1PYwiJjZ8J8,【科学】“移动沙发难题”或被解决 | 直角可搬沙发的最大面积是多少 | 困扰数学家近60年 | 电话型沙发 | 约瑟夫格弗 | 乔丹曲线 | 格林定理 | Jineon Baek | 119页论文,https://www.youtube.com/watch?v=1PYwiJjZ8J8,2025-02-23
573,DkzNbv8ioWk,【分享】两万字深度解密DeepSeek-R1、Kimi 1.5，强推理模型凭什么火出圈 | 北大AI对齐团队 | 超清版,https://www.youtube.com/watch?v=DkzNbv8ioWk,unknown
574,3PhOOFilsiY,【人工智能】FigureAI推出Helix模型 | 通用视觉语言动作VLA | 双机器人协作 | 语音指令 | 全上半身灵活操控 | 强大物体泛化 | S2+S1双系统 | 流式推理 | 家务劳动,https://www.youtube.com/watch?v=3PhOOFilsiY,2025-02-24
575,NF_Go55lXj8,【人工智能】Claude 3.7 Sonnet发布 | 全球首个混合推理模型 | 一个模型两种思考方式 | Claude Code | 编程能力大幅提升 | 价格与前代持平,https://www.youtube.com/watch?v=NF_Go55lXj8,2025-02-25
576,lqsP4N0inoU,【商业】Ai Pin已死 | 人工智能硬件公司Humane | HP十分之一价格收购 | 奥特曼投资 | 从满怀期望到全民批评 | 使用及硬件缺陷 | 价格高昂 | Cosmos | 电子砖头,https://www.youtube.com/watch?v=lqsP4N0inoU,2025-02-26
577,3-2-w7bPqtk,【访谈】Snowflake CEO 斯里达尔·拉马斯瓦米20VC访谈 | 如何面对AI挑战 | 软件工程 | 职场管理 | AI竞争 | OpenAI | Databricks | AI泡沫,https://www.youtube.com/watch?v=3-2-w7bPqtk,2025-02-27
578,bhrztPMHeKA,【数字货币】全球第二大交易所Bybit被盗超过14亿美元代币 | 史上最大代币盗窃事件 | 背后惊现朝鲜国家黑客组织 | Lazarus Group | 冷钱包 | 社会工程学 | 新型恶意软件,https://www.youtube.com/watch?v=bhrztPMHeKA,2025-02-28
579,KSL1xydvwOE,【商业】英伟达史上业绩最佳财报发布 | 股价不涨反跌 | 2024年营收1300亿美元 | 净利润740亿美元 | 数据中心 | 游戏和AI PC | Blackwell需求猛增 | 竞争对手,https://www.youtube.com/watch?v=KSL1xydvwOE,2025-03-02
580,deZjgTAkzoc,【人工智能】DeepSeek开源周六天内容全盘点 | FlashMLA | DeepEP | DeepGEMM | DualPipe | EPLB | 3FS文件系统 | V3/R1成本大揭秘,https://www.youtube.com/watch?v=deZjgTAkzoc,2025-03-03
581,MmQycrDLZ3U,【人工智能】HuggingFace发布LLM超大规模实战手册 | 200页报告解读 | 4000个Scaling实验 | 激活值重计算 | 梯度累积 | 数据并行 | 张量和序列并行 | 流水线并行,https://www.youtube.com/watch?v=MmQycrDLZ3U,2025-03-04
582,Mfas7_CyqI8,【人工智能】大型推理模型会过度思考么 | 推理-行动的困境 | 更倾向于内部模拟 | 分析瘫痪 | 恶意行为 | 过早放弃 | 缓解方法 | 经济效益,https://www.youtube.com/watch?v=Mfas7_CyqI8,2025-03-05
583,R3QZdtPT4ZU,【脑科学】生物计算机CL1开启商业化 | “缸中之脑”成真？| Cortical Labs | 流体神经网络 | 干细胞分化 | 5分钟学会打电子游戏 | 极低能耗 | 道德和伦理问题 |  不朽计算,https://www.youtube.com/watch?v=R3QZdtPT4ZU,2025-03-06
584,frOA7PVF7NI,【人工智能】Claude 4指日可待 | 达利奥·阿莫代伊最新访谈 | Claude 3.7推理模型 | 网络搜索功能 | 自主决定思考时间 | 2026年底编程AI将接近人类顶尖程序员水平,https://www.youtube.com/watch?v=frOA7PVF7NI,2025-03-07
585,Q8NN-E1MblU,【人工智能】一切与经验有关 | Richard Sutton揭示强化学习的核心 | 2024 ACM图灵奖 | 如何解释智能 | 四个阶段 | 什么是经验 | 世界状态,https://www.youtube.com/watch?v=Q8NN-E1MblU,2025-03-09
586,5uQDTvbfORk,【人工智能】超大稀疏架构UltraMem | 推理速度MoE架构6倍 | PKM架构缺陷 | TDQKR | 隐式扩展稀疏参数IVE | 推理成本可降低83% | 字节豆包团队,https://www.youtube.com/watch?v=5uQDTvbfORk,2025-03-10
587,MerYx6i3KS4,【商业】马斯克DOGE团队人员盘点 | 政府效率部 | 特朗普政府 | USAID | 核心人员 | 高层 | 工蜂 | 史蒂夫·戴维斯 | 妮可·霍兰德 | 年轻技术人才团队 | 负面争议不断,https://www.youtube.com/watch?v=MerYx6i3KS4,2025-03-11
588,Ve-vlO0jDWI,【AI动态】每日科技新闻汇总 | 20250311 | 智元稚晖君发布通用具身基座大模型 | 二次元AI新玩具狸谱爆红 | 北大联合MIT、阿里发布LongPPL | CMU发布LCPO方法,https://www.youtube.com/watch?v=Ve-vlO0jDWI,unknown
589,Lt9G2OLUhbM,【AI动态】每日科技新闻汇总 | 20250313 | 灵犀X2机器人骑行秀绝技 | 字节跳动开源COMET技术 | 麻省理工提出L²M | DALLE份额暴跌80% | 微软注资南非2.98亿美元,https://www.youtube.com/watch?v=Lt9G2OLUhbM,unknown
590,gHEeiYUGrio,【科技】美国恐将错失机器人革命浪潮 | SemiAnalysis万字长文 | 中国供应链遥遥领先 | 制造业回流 | 成本优势 | 技术复杂性 | 通用机器人 | 全球供应链 | 原材料 | 日本德国,https://www.youtube.com/watch?v=gHEeiYUGrio,2025-03-13
591,IxNuARWyRCA,【AI动态】每日科技新闻汇总 | 20250314 | 斯坦福开源OctoTools框架 | 清华联合博世推出Chameleon | OpenAI推出智能体构建神器 | 清华团队开源RIFLEx,https://www.youtube.com/watch?v=IxNuARWyRCA,2025-03-13
592,3qxO0csZGKU,【人工智能】谷歌最新开源模型Gemma 3发布 | 四种参数规模 | 多模态能力 | SigLIP | 128K长上下文 | 支持140多种语言 | 1338ELO高分 | 排名第二 | 蒸馏技术,https://www.youtube.com/watch?v=3qxO0csZGKU,2025-03-14
593,D-pR7qWuheE,【人工智能】DyT干掉Transformer归一化层 | 动态Tanh | 9行代码 | 性能不降反升 | 何恺明杨立昆携手 | 多项任务验证 | 计算效率提升一倍 | 打破固有观念,https://www.youtube.com/watch?v=D-pR7qWuheE,2025-03-15
594,wFGKIbhU_nU,【人工智能】OpenAI提案矛头直指DeepSeek | 锁死全球AI发展 | 指责DeepSeek有害 | 加强出口管制 | 两类市场和三级国家 | 为版权侵权辩解 | 吸引资金 | 大型双标现场,https://www.youtube.com/watch?v=wFGKIbhU_nU,2025-03-16
595,JGbehG6qy3k,【人工智能】谷歌研究团队发现DiLoCo具有更优Scaling Laws | 分布式低通信优化 | 稳定扩展超参数 | 损失下降更快 | 带宽减少99% | 最优批大小 | 数据并行 | 未来趋势,https://www.youtube.com/watch?v=JGbehG6qy3k,2025-03-18
596,AEdR5FRb8xk,【人物】David Baker 大卫·贝克 | 从哲学研究到诺贝尔化学奖 | Rosetta | 蛋白质结构预测 | Foldit | RoseTTAFold | RFdiffusion,https://www.youtube.com/watch?v=AEdR5FRb8xk,2025-03-19
597,wCrGV8GQAww,【人工智能】企业招聘也能遇到AI骗局？| 美初创公司Vidoc Security亲身经历 | 两次AI换脸面试 | 完美简历 | 面试疑惑 | 远程招聘难题 | DeepFake | 企业如何避免,https://www.youtube.com/watch?v=wCrGV8GQAww,2025-03-20
598,4wZYrzC-pTo,【人工智能】Nvidia GTC 2025 | 黄仁勋主题演讲 | Blackwell Ultra | 下一代Rubin | CPO产品 | Dynamo | 软件和Agent生态 | 具身智能,https://www.youtube.com/watch?v=4wZYrzC-pTo,2025-03-21
599,V5gZ3kph33Y,【商业】Intel任命新CEO陈立武 | 英特尔股价相应上涨 | 核工程硕士 | 转战投资领域 | 华登国际 | 投资新浪 | 救火楷登电子 | 与帕特基辛格的分歧 | 四大半导体巨头CEO均为华人,https://www.youtube.com/watch?v=V5gZ3kph33Y,2025-03-22
600,NmCPbqlLjzo,【人工智能】大语言模型不会带来AGI | 图灵奖得主Yann LeCun最新访谈 | LLM的局限性 | 缺乏物理世界理解 | 推理缺陷 | V-JEPA | OpenAI | 过度炒作 | 开源优势,https://www.youtube.com/watch?v=NmCPbqlLjzo,2025-03-23
601,NuipITkGu4k,【人工智能】Think-Then-React TTR框架 | 人大高瓴团队 | AI模型如何预判人类动作 | 先思考再反应 | 预训练模型 + 运动编码器 | 联合训练 | 泛化能力优秀 | 具身智能,https://www.youtube.com/watch?v=NuipITkGu4k,2025-03-24
602,jd7hhxQ4JDo,【访谈】如何看待OpenAI的未来？| Sam Altman最新专访 | 回顾历史 | 十亿用户级消费产品 | 未来的商业模式 | 市场竞争 | GPT-5或免费使用 | 幻觉 | 芯片 | AGI,https://www.youtube.com/watch?v=jd7hhxQ4JDo,2025-03-25
603,mqt3ealU5PY,【商业】苹果AI版Siri跳票导致高层震荡 | 深陷AI泥沼 | Apple Intelligence | 研发质量不达标 | 涉嫌虚假广告 | 芯片算力受累 | 公司内斗 | 高管岁数过大,https://www.youtube.com/watch?v=mqt3ealU5PY,2025-03-26
604,wMoN5OGqD8g,【人工智能】DeepSeek V3更新版本0324 | Gemini 2.5 Pro实验版发布 | OpenAI终于推出GPT-4o图像生成功能 | AI模型本周继续内卷,https://www.youtube.com/watch?v=wMoN5OGqD8g,2025-03-27
605,gOFSF1lPMDI,【人工智能】AlexNet原始代码开源 | 计算机历史博物馆 | 神经网络发展历史 | 杰弗里·辛顿 | 反向传播 | ImageNet | 李飞飞 | Ilya | Alex Krizhevsky,https://www.youtube.com/watch?v=gOFSF1lPMDI,2025-03-27
606,6BQF9njPyuA,【人物】丹尼尔·卡尼曼人生的最后一个选择 | 尽情享受然后坦然赴死 | 诺贝尔经济学奖 | 《思考快与慢》作者 | 人的决策行为 | 快乐计算公式 | 峰终定律 | 锚定效应 | 临终遗言,https://www.youtube.com/watch?v=6BQF9njPyuA,2025-03-28
607,qj12HBrw1kI,【人工智能】智能爆炸时刻来临 | Tom Davidson等人 | I. J. Good | 超智能机器 | 反馈循环 | 软件、芯片技术、芯片生产 | 三种智能爆炸 | 有效计算,https://www.youtube.com/watch?v=qj12HBrw1kI,2025-03-29
608,HbFQ50I0rPs,【Android】安卓系统要闭源了么？| AOSP不再维护 | 国内媒体误读 | 两套安卓系统代码 | 转向内部开发 | GMS | 降低开发难度和成本 | 定期开源版本,https://www.youtube.com/watch?v=HbFQ50I0rPs,2025-03-30
609,7FvNSQITGfg,【英伟达】GTC2025量子日活动 | 黄仁勋罕见承认预判错误 | 量子计算 | NVAQC | 量子优越性 | 实用性 | 量子计算机 | QPU | Ocelot超导芯片,https://www.youtube.com/watch?v=7FvNSQITGfg,2025-03-30
610,25n0NkwIEbQ,【人工智能】大语言模型内部是如何运行的 | Anthropic两篇论文揭示部分原理 | 破解黑箱 | 电路追踪 | 跨层转码器 | 多语言能力 | 诗歌创作 | 数学计算 | 推理 | 幻觉 | 越狱,https://www.youtube.com/watch?v=25n0NkwIEbQ,2025-03-31
611,WmIQ8nL-Eow,【分享】AI应用都是套壳没有壁垒 | 金沙江创投朱啸虎 | 2025中关村论坛演讲16分钟完整版,https://www.youtube.com/watch?v=WmIQ8nL-Eow,2025-04-01
612,_5UwNKtR8Vg,【OpenAI】23年宫斗再爆惊天内幕Ilya遭Murati背刺 | Altman多次欺骗董事会 | Ilya不满已久 | Brockman越级上报 | Murati关键时刻倒戈 | 高层分崩离析,https://www.youtube.com/watch?v=_5UwNKtR8Vg,2025-04-02
613,wreMdJim61M,【科普】为什么你排的队总是最慢的 | 一换队伍就变快 | 排队之谜 | 幸存者偏差 | 错误相关效应 | 十个等待心理 | 解决排队煎熬的小技巧,https://www.youtube.com/watch?v=wreMdJim61M,2025-04-03
614,1mx1nrXBmgo,【分享】人当何为？| 保罗格雷厄姆Paul Graham最新文章 | 人应当做些什么 | 创造美好的新事物,https://www.youtube.com/watch?v=1mx1nrXBmgo,2025-04-03
615,idfWjcTOm34,【云服务】如何选择GPU云 | SemiAnalysis长文 | 推出ClusterMAX评级体系 | 五个等级 | CoreWeave | Crusoe | Nebius | OCI | AWS,https://www.youtube.com/watch?v=idfWjcTOm34,2025-04-04
616,CGd4UXjud5I,【人工智能】机器人如何获得训练数据 | Pieter Abbeel GTC最新演讲 | 远程操作 | 仿真 | 数据金字塔 | 模块化架构 | 手部动作跟踪 | 自主行走 | MuJoCo,https://www.youtube.com/watch?v=CGd4UXjud5I,2025-04-05
617,-WhIsjo_U38,【人工智能】通用奖励模型的推理时Scaling | DeepSeek联合清华发布论文 | R2隐现 | GRM | SPCT | 生成评价原则 | RFT | 基于规则在线RL | 推理时投票策略,https://www.youtube.com/watch?v=-WhIsjo_U38,2025-04-05
618,7F3JyOC-tTg,【人工智能】模型不是真正的产品 | 微软CTO Kevin Scott最新播客访谈 | 技术幻觉 | 快速迭代 | 小公司创新 | 微软的角色 | 未来的交互形态 | Agent | AI编程,https://www.youtube.com/watch?v=7F3JyOC-tTg,2025-04-06
619,eCDx00vNjdg,【人工智能】Meta发布Llama 4 | 三款尺寸模型 | 最大2万亿参数 | 1000万token上下文 | 原生多模态 | MoE架构 | 30万亿token训练数据 | SFT/RL/DPO,https://www.youtube.com/watch?v=eCDx00vNjdg,2025-04-07
620,qmcDiYvp1wE,【人工智能】AI模型通过三方图灵测试 | 加州大学圣迭戈分校研究报告 | 艾伦·图灵 | AI模型73%胜率 | 人格设定 | 如何识别AI | 图灵测试的意义 | 伪人 | 人类的独特性,https://www.youtube.com/watch?v=qmcDiYvp1wE,2025-04-08
621,-KeTsTNQoYY,【人工智能】2027年AI决定人类生死 | 前OpenAI研究员现实推演 | OpenBrain | Agent-5 | DeepCent | 中美竞争 | 超级智能 | AI共识 | 生存还是灭亡,https://www.youtube.com/watch?v=-KeTsTNQoYY,2025-04-09
622,1xw0Aehv0K8,【人工智能】推理需求将增长百倍 | Cerebras CEO Andrew Feldman 20VC专访 | 设计理念 | 晶圆级集成 | 分化策略 | 基础设施 | AI投资 | 上市 | 英伟达,https://www.youtube.com/watch?v=1xw0Aehv0K8,2025-04-12
623,U8plyOJeDvU,【人工智能】AI会终结人类，但不会像《终结者》那样 | 杰弗里辛顿最新访谈 | 诺贝尔物理学奖 | AI的原理 | 两类AI风险 | 共识与合作 | 与马斯克的决裂 | AI在医疗和教育的积极作用,https://www.youtube.com/watch?v=U8plyOJeDvU,2025-04-14
624,KLDGmloKui0,【人工智能】AHI发布2025年AI指数报告 | 456页12大趋势 | 模型推理成本下降280倍 | 两年间参数量缩减142倍 | 中美差距缩小 | 投资创新高 | 复杂推理仍然困难,https://www.youtube.com/watch?v=KLDGmloKui0,2025-04-14
625,2X3NXLOCjRA,【人工智能】OpenAI发布GPT-4.1 API | 三款模型 | 取代4.5 Preview | 100万Token上下文 | 编码能力提升 | 指令遵循 | 价格下降,https://www.youtube.com/watch?v=2X3NXLOCjRA,2025-04-15
626,TO37IuGpQIA,【Google】第七代TPU Ironwood面世 | 谷歌云2025大会发布内容盘点 | 推理性能提升3600倍 | Vertex AI四大模型更新 | A2A协议 | Code Assist,https://www.youtube.com/watch?v=TO37IuGpQIA,2025-04-15
627,BUSv2ky85RY,【访谈】我已经过时了，技术是年轻人的游戏 | 龙书作者图灵奖得主Jeffrey Ullman最新访谈 | 技术的不可预测性 | 老年人难以跟上技术的发展 | 软件变迁 | 并行计算 | 未来技术,https://www.youtube.com/watch?v=BUSv2ky85RY,2025-04-16
628,MODyxE7EdVw,【闲聊】DeepSeek一体机避坑指南 | DeepSeek R1 | MoE架构 | 满血版和残血版模型区别 | 精度问题 | 成本不划算 | 实际套壳乱象 | 如何避坑,https://www.youtube.com/watch?v=MODyxE7EdVw,2025-04-16
629,fu3WxDmmEYc,【人工智能】OpenAI发布满血版o3和o4-mini | 迄今为止最强大最智能 | 深度使用工具 | 图像推理 | 基准评分大幅提升 | 博士水平 | 成本效率更优 | Agent-CodeX开源,https://www.youtube.com/watch?v=fu3WxDmmEYc,2025-04-18
